model_name,Unnamed: 0,Pred_Apple___Apple_scab,Pred_Apple___Black_rot,Pred_Apple___Cedar_apple_rust,Pred_Apple___healthy,Pred_Blueberry___healthy,Pred_Cherry_(including_sour)___Powdery_mildew,Pred_Cherry_(including_sour)___healthy,Pred_Corn_(maize)___Cercospora_leaf_spot Gray_leaf_spot,Pred_Corn_(maize)___Common_rust_,Pred_Corn_(maize)___Northern_Leaf_Blight,Pred_Corn_(maize)___healthy,Pred_Grape___Black_rot,Pred_Grape___Esca_(Black_Measles),Pred_Grape___Leaf_blight_(Isariopsis_Leaf_Spot),Pred_Grape___healthy,Pred_Orange___Haunglongbing_(Citrus_greening),Pred_Peach___Bacterial_spot,Pred_Peach___healthy,"Pred_Pepper,_bell___Bacterial_spot","Pred_Pepper,_bell___healthy",Pred_Potato___Early_blight,Pred_Potato___Late_blight,Pred_Potato___healthy,Pred_Raspberry___healthy,Pred_Soybean___healthy,Pred_Squash___Powdery_mildew,Pred_Strawberry___Leaf_scorch,Pred_Strawberry___healthy,Pred_Tomato___Bacterial_spot,Pred_Tomato___Early_blight,Pred_Tomato___Late_blight,Pred_Tomato___Leaf_Mold,Pred_Tomato___Septoria_leaf_spot,Pred_Tomato___Spider_mites Two-spotted_spider_mite,Pred_Tomato___Target_Spot,Pred_Tomato___Tomato_Yellow_Leaf_Curl_Virus,Pred_Tomato___Tomato_mosaic_virus,Pred_Tomato___healthy
alexnet,True_Apple___Apple_scab,107,4,0,5,3,0,0,0,0,0,0,0,0,0,0,0,3,0,0,0,0,2,0,0,0,1,0,1,1,0,0,1,4,0,0,0,0,0
alexnet,True_Apple___Black_rot,1,124,0,0,0,0,0,0,0,0,0,0,0,0,1,0,0,0,1,0,0,0,0,0,0,0,0,0,0,0,0,0,0,0,0,0,0,0
alexnet,True_Apple___Cedar_apple_rust,0,0,42,0,1,0,0,0,0,0,0,1,0,0,0,0,1,0,1,0,0,0,0,0,0,0,0,0,1,0,0,0,0,0,0,0,0,0
alexnet,True_Apple___healthy,3,0,0,314,8,0,1,0,0,0,0,0,0,0,0,0,0,0,0,2,0,0,0,0,1,0,0,0,1,0,1,0,1,1,1,0,0,0
alexnet,True_Blueberry___healthy,1,0,0,5,298,0,0,0,0,0,0,0,0,0,0,0,1,1,0,0,0,0,0,0,0,0,0,0,0,0,1,0,1,0,0,0,0,0
alexnet,True_Cherry_(including_sour)___Powdery_mildew,0,0,0,1,0,199,0,0,0,0,0,0,0,0,0,1,0,0,0,1,0,0,1,1,0,1,0,0,0,0,0,0,0,0,1,0,0,0
alexnet,True_Cherry_(including_sour)___healthy,0,0,0,0,0,0,173,0,0,0,0,0,0,0,0,0,0,0,0,0,0,0,0,0,2,1,0,0,0,0,0,0,0,0,0,0,0,0
alexnet,True_Corn_(maize)___Cercospora_leaf_spot Gray_leaf_spot,0,0,0,0,0,0,0,88,4,17,1,0,0,0,0,0,0,0,0,0,0,0,0,0,0,0,0,0,0,0,0,0,0,0,0,0,0,0
alexnet,True_Corn_(maize)___Common_rust_,0,0,0,0,0,0,0,1,232,0,1,0,0,0,0,0,0,0,0,0,0,0,0,0,0,0,0,0,0,0,0,0,0,0,0,0,0,0
alexnet,True_Corn_(maize)___Northern_Leaf_Blight,0,0,0,0,0,0,0,16,2,163,0,0,0,0,0,0,0,0,0,0,0,0,0,0,0,0,1,0,0,1,0,0,0,0,0,0,0,0
alexnet,True_Corn_(maize)___healthy,0,0,0,0,0,0,0,0,0,0,237,0,0,0,0,0,0,0,0,0,0,0,0,0,0,0,0,0,0,0,0,0,0,0,0,0,0,0
alexnet,True_Grape___Black_rot,0,0,0,0,0,0,0,0,0,0,0,234,3,2,0,0,0,0,0,0,0,0,0,0,0,0,0,0,1,0,0,0,1,0,0,0,0,0
alexnet,True_Grape___Esca_(Black_Measles),0,0,0,0,0,0,0,0,0,0,0,9,298,0,0,0,0,0,0,0,0,0,0,0,0,0,0,0,0,1,0,0,0,0,0,0,0,0
alexnet,True_Grape___Leaf_blight_(Isariopsis_Leaf_Spot),0,0,0,0,0,0,0,0,0,0,0,4,0,227,0,0,0,0,0,0,0,0,0,0,0,0,0,0,0,0,0,0,0,0,0,0,0,0
alexnet,True_Grape___healthy,0,0,0,0,0,0,0,0,0,0,0,0,0,0,82,0,0,0,0,0,0,0,0,0,0,0,0,0,0,0,1,0,0,0,0,0,0,0
alexnet,True_Orange___Haunglongbing_(Citrus_greening),1,0,0,1,0,1,0,0,0,0,0,0,0,0,0,1052,1,0,0,0,0,0,0,0,0,0,0,0,0,0,0,0,1,1,0,0,0,0
alexnet,True_Peach___Bacterial_spot,1,0,1,0,0,0,0,2,0,3,0,0,0,0,0,0,408,1,2,0,0,0,0,0,0,0,0,0,1,2,0,1,1,0,0,0,0,0
alexnet,True_Peach___healthy,0,0,0,1,0,0,0,0,0,0,0,0,0,0,0,0,2,69,0,0,0,0,0,0,0,0,0,0,0,0,0,0,0,0,0,0,0,0
alexnet,"True_Pepper,_bell___Bacterial_spot",3,1,0,0,0,0,0,0,0,0,0,0,0,0,0,0,0,0,162,3,0,1,0,0,0,0,0,0,0,0,1,1,4,0,0,0,0,0
alexnet,"True_Pepper,_bell___healthy",0,0,0,0,0,0,2,0,0,0,0,0,0,0,0,1,1,0,0,283,0,0,0,1,3,1,0,0,0,0,0,0,0,0,0,0,0,0
alexnet,True_Potato___Early_blight,0,0,0,0,0,0,0,0,0,0,0,0,0,0,0,0,0,0,0,0,212,2,0,0,0,0,0,0,0,0,1,0,1,0,0,0,0,0
alexnet,True_Potato___Late_blight,1,0,0,1,0,0,0,0,0,0,0,0,0,0,0,0,1,0,2,0,8,188,2,0,0,0,1,0,0,2,4,1,2,0,0,0,0,0
alexnet,True_Potato___healthy,0,0,0,0,0,0,1,0,0,0,0,0,0,0,0,0,0,0,0,0,0,1,29,0,0,0,0,0,0,0,0,0,0,0,0,0,0,0
alexnet,True_Raspberry___healthy,0,0,0,0,1,0,0,0,0,0,0,0,0,0,0,0,0,0,0,1,0,0,0,70,0,0,0,0,0,0,0,0,0,0,0,0,0,0
alexnet,True_Soybean___healthy,0,1,0,4,0,2,1,0,0,0,0,0,0,0,0,0,0,1,0,8,0,0,1,0,1019,0,0,0,0,0,0,0,0,0,0,0,0,0
alexnet,True_Squash___Powdery_mildew,0,0,0,0,0,0,0,0,0,0,1,0,0,0,0,0,0,0,0,2,0,0,0,0,0,377,0,0,0,0,0,0,0,0,0,0,0,0
alexnet,True_Strawberry___Leaf_scorch,0,0,0,0,0,0,0,0,0,0,0,1,1,1,0,0,0,0,1,0,0,1,0,0,0,0,203,0,0,1,0,0,1,0,0,0,0,0
alexnet,True_Strawberry___healthy,0,0,0,0,1,0,0,0,0,0,0,0,0,0,0,0,0,0,0,0,0,0,0,0,0,1,0,97,0,0,0,0,0,0,0,0,0,0
alexnet,True_Tomato___Bacterial_spot,0,0,0,0,0,0,0,0,0,0,0,0,0,1,0,1,2,0,0,0,0,2,0,0,0,0,0,0,408,3,1,0,0,0,2,8,0,0
alexnet,True_Tomato___Early_blight,0,0,0,0,0,0,0,0,0,0,0,1,0,1,0,0,1,0,0,0,1,1,0,0,0,0,0,0,4,156,7,0,1,0,5,2,1,0
alexnet,True_Tomato___Late_blight,0,0,0,0,0,2,0,0,0,0,0,0,0,0,1,0,2,1,0,0,2,12,0,0,1,1,1,0,1,16,353,3,4,0,2,2,0,1
alexnet,True_Tomato___Leaf_Mold,2,0,0,1,0,0,0,0,0,0,0,0,0,0,0,0,1,0,0,0,0,0,0,1,0,0,0,0,0,1,1,162,4,2,1,1,2,1
alexnet,True_Tomato___Septoria_leaf_spot,0,0,0,0,1,0,0,0,0,0,0,1,0,0,0,0,3,2,1,0,2,0,0,0,1,0,3,0,1,2,3,10,325,0,6,0,4,0
alexnet,True_Tomato___Spider_mites Two-spotted_spider_mite,0,0,0,1,0,0,0,0,0,0,0,0,0,0,0,0,0,0,1,1,0,0,0,1,0,0,0,0,0,2,0,3,0,295,16,7,2,6
alexnet,True_Tomato___Target_Spot,0,0,0,0,0,0,0,0,0,0,0,0,0,0,0,0,0,1,0,0,0,0,1,0,1,0,0,1,1,3,1,1,2,8,256,0,1,7
alexnet,True_Tomato___Tomato_Yellow_Leaf_Curl_Virus,0,0,0,0,0,0,0,0,0,0,0,0,0,0,0,2,0,0,0,0,0,0,0,1,0,1,0,0,1,0,1,2,0,3,0,1050,0,0
alexnet,True_Tomato___Tomato_mosaic_virus,0,0,0,0,0,0,0,0,0,0,0,0,0,0,0,0,0,0,0,0,0,0,0,0,0,0,0,0,0,0,0,0,1,0,0,0,68,1
alexnet,True_Tomato___healthy,0,0,0,0,0,0,0,0,0,0,0,0,0,0,0,0,0,0,0,0,0,0,0,0,0,0,0,0,0,0,0,1,0,1,2,0,0,312
densenet121,True_Apple___Apple_scab,131,0,0,1,0,0,0,0,0,0,0,0,0,0,0,0,0,0,0,0,0,0,0,0,0,0,0,0,0,0,0,0,0,0,0,0,0,0
densenet121,True_Apple___Black_rot,0,127,0,0,0,0,0,0,0,0,0,0,0,0,0,0,0,0,0,0,0,0,0,0,0,0,0,0,0,0,0,0,0,0,0,0,0,0
densenet121,True_Apple___Cedar_apple_rust,0,0,46,0,0,0,0,0,0,1,0,0,0,0,0,0,0,0,0,0,0,0,0,0,0,0,0,0,0,0,0,0,0,0,0,0,0,0
densenet121,True_Apple___healthy,1,0,0,328,2,0,0,0,0,0,0,0,0,0,0,0,0,0,0,0,0,0,0,0,3,0,0,0,0,0,0,0,0,0,0,0,0,0
densenet121,True_Blueberry___healthy,0,0,0,0,308,0,0,0,0,0,0,0,0,0,0,0,0,0,0,0,0,0,0,0,0,0,0,0,0,0,0,0,0,0,0,0,0,0
densenet121,True_Cherry_(including_sour)___Powdery_mildew,0,0,0,0,0,206,0,0,0,0,0,0,0,0,0,0,0,0,0,0,0,0,0,0,0,0,0,0,0,0,0,0,0,0,0,0,0,0
densenet121,True_Cherry_(including_sour)___healthy,0,0,0,0,0,0,174,0,0,0,0,0,0,0,0,0,0,0,0,0,0,0,0,0,2,0,0,0,0,0,0,0,0,0,0,0,0,0
densenet121,True_Corn_(maize)___Cercospora_leaf_spot Gray_leaf_spot,0,0,0,0,0,0,0,102,0,8,0,0,0,0,0,0,0,0,0,0,0,0,0,0,0,0,0,0,0,0,0,0,0,0,0,0,0,0
densenet121,True_Corn_(maize)___Common_rust_,0,0,0,0,0,0,0,0,233,0,0,0,0,0,0,0,0,0,0,0,0,0,0,0,0,0,0,0,0,0,1,0,0,0,0,0,0,0
densenet121,True_Corn_(maize)___Northern_Leaf_Blight,0,0,0,0,0,0,0,6,0,177,0,0,0,0,0,0,0,0,0,0,0,0,0,0,0,0,0,0,0,0,0,0,0,0,0,0,0,0
densenet121,True_Corn_(maize)___healthy,0,0,0,0,0,0,0,0,0,0,237,0,0,0,0,0,0,0,0,0,0,0,0,0,0,0,0,0,0,0,0,0,0,0,0,0,0,0
densenet121,True_Grape___Black_rot,0,0,0,0,0,0,0,0,0,0,0,240,0,1,0,0,0,0,0,0,0,0,0,0,0,0,0,0,0,0,0,0,0,0,0,0,0,0
densenet121,True_Grape___Esca_(Black_Measles),0,0,0,0,0,0,0,0,0,0,0,1,307,0,0,0,0,0,0,0,0,0,0,0,0,0,0,0,0,0,0,0,0,0,0,0,0,0
densenet121,True_Grape___Leaf_blight_(Isariopsis_Leaf_Spot),0,0,0,0,0,0,0,0,0,0,0,0,0,231,0,0,0,0,0,0,0,0,0,0,0,0,0,0,0,0,0,0,0,0,0,0,0,0
densenet121,True_Grape___healthy,0,0,0,0,0,0,0,0,0,0,0,0,0,0,83,0,0,0,0,0,0,0,0,0,0,0,0,0,0,0,0,0,0,0,0,0,0,0
densenet121,True_Orange___Haunglongbing_(Citrus_greening),0,0,0,0,0,0,0,0,0,0,0,0,0,0,0,1058,0,0,0,0,0,0,0,0,0,0,0,0,0,0,0,0,0,0,0,0,0,0
densenet121,True_Peach___Bacterial_spot,0,0,0,0,0,0,0,0,0,0,0,0,0,0,0,0,423,0,0,0,0,0,0,0,0,0,0,0,0,0,0,0,0,0,0,0,0,0
densenet121,True_Peach___healthy,0,0,0,0,0,0,0,0,0,0,0,0,0,0,0,0,0,72,0,0,0,0,0,0,0,0,0,0,0,0,0,0,0,0,0,0,0,0
densenet121,"True_Pepper,_bell___Bacterial_spot",0,0,0,0,0,0,0,0,0,0,0,0,0,0,0,0,0,0,176,0,0,0,0,0,0,0,0,0,0,0,0,0,0,0,0,0,0,0
densenet121,"True_Pepper,_bell___healthy",0,0,0,0,0,0,0,0,1,0,0,0,0,0,0,0,0,0,0,290,0,0,0,0,1,0,0,0,0,0,0,0,0,0,0,0,0,0
densenet121,True_Potato___Early_blight,0,0,0,0,0,0,0,0,0,0,0,0,0,0,0,0,0,0,0,0,216,0,0,0,0,0,0,0,0,0,0,0,0,0,0,0,0,0
densenet121,True_Potato___Late_blight,0,0,0,0,0,0,0,0,0,0,0,0,0,0,0,0,0,0,0,0,0,212,0,0,0,0,0,0,0,0,0,0,1,0,0,0,0,0
densenet121,True_Potato___healthy,0,0,0,0,0,0,0,0,0,0,0,0,0,0,0,0,0,0,0,0,0,0,31,0,0,0,0,0,0,0,0,0,0,0,0,0,0,0
densenet121,True_Raspberry___healthy,0,0,0,0,0,0,0,0,0,0,0,0,0,0,0,0,0,0,0,0,0,0,0,72,0,0,0,0,0,0,0,0,0,0,0,0,0,0
densenet121,True_Soybean___healthy,0,0,0,0,0,0,0,0,0,0,0,0,0,0,0,0,0,0,0,0,0,0,0,0,1036,0,1,0,0,0,0,0,0,0,0,0,0,0
densenet121,True_Squash___Powdery_mildew,0,0,0,0,0,0,0,0,0,0,0,0,0,0,0,0,0,0,0,0,0,0,0,0,0,380,0,0,0,0,0,0,0,0,0,0,0,0
densenet121,True_Strawberry___Leaf_scorch,0,0,0,0,0,0,0,0,0,0,0,0,0,0,0,0,0,0,0,0,0,0,0,0,0,1,209,0,0,0,0,0,0,0,0,0,0,0
densenet121,True_Strawberry___healthy,0,0,0,0,0,0,0,0,0,0,0,0,0,0,0,0,0,0,0,0,0,0,0,0,0,0,0,99,0,0,0,0,0,0,0,0,0,0
densenet121,True_Tomato___Bacterial_spot,0,0,0,0,0,0,0,0,0,0,0,0,0,0,0,0,0,0,0,0,0,0,0,0,0,0,0,0,427,0,0,0,0,0,0,1,0,0
densenet121,True_Tomato___Early_blight,0,0,0,0,0,0,0,0,0,0,0,0,0,0,0,0,0,0,0,0,0,0,0,0,0,0,0,0,0,180,0,0,0,0,0,1,0,0
densenet121,True_Tomato___Late_blight,0,0,0,0,0,0,0,0,0,0,0,0,0,0,0,0,0,0,0,0,0,1,0,0,0,0,0,0,1,0,401,0,1,0,0,0,0,1
densenet121,True_Tomato___Leaf_Mold,0,0,0,0,0,0,0,0,0,0,0,0,0,0,0,0,0,0,0,0,0,0,0,0,0,0,0,0,0,0,1,179,0,0,0,0,0,0
densenet121,True_Tomato___Septoria_leaf_spot,0,0,0,0,0,0,0,0,0,0,0,0,0,0,0,0,0,0,0,0,0,0,0,0,0,0,0,0,0,1,0,0,364,0,0,0,0,0
densenet121,True_Tomato___Spider_mites Two-spotted_spider_mite,0,0,0,0,0,0,0,0,0,0,0,0,0,0,0,0,0,0,0,0,0,0,0,0,0,0,0,0,0,0,0,0,0,334,1,0,0,0
densenet121,True_Tomato___Target_Spot,0,0,0,0,0,0,0,0,0,0,0,0,0,0,0,0,0,0,0,0,0,0,0,0,0,0,0,0,1,0,0,0,0,1,282,0,0,0
densenet121,True_Tomato___Tomato_Yellow_Leaf_Curl_Virus,0,0,0,0,0,0,0,0,0,0,0,0,0,0,0,0,0,0,0,0,0,0,0,0,0,0,0,0,1,0,0,0,0,0,0,1060,0,0
densenet121,True_Tomato___Tomato_mosaic_virus,0,0,0,0,0,0,0,0,0,0,0,0,0,0,0,0,0,0,0,0,0,0,0,0,0,0,0,0,0,0,0,0,0,0,0,0,70,0
densenet121,True_Tomato___healthy,0,0,0,0,0,0,0,0,0,0,0,0,0,0,0,0,0,0,0,0,0,0,0,0,0,0,0,0,0,0,0,0,0,0,1,0,0,315
efficientnetb0,True_Apple___Apple_scab,128,3,0,0,0,0,0,0,0,0,0,0,0,0,0,0,1,0,0,0,0,0,0,0,0,0,0,0,0,0,0,0,0,0,0,0,0,0
efficientnetb0,True_Apple___Black_rot,0,127,0,0,0,0,0,0,0,0,0,0,0,0,0,0,0,0,0,0,0,0,0,0,0,0,0,0,0,0,0,0,0,0,0,0,0,0
efficientnetb0,True_Apple___Cedar_apple_rust,1,0,45,0,0,0,0,1,0,0,0,0,0,0,0,0,0,0,0,0,0,0,0,0,0,0,0,0,0,0,0,0,0,0,0,0,0,0
efficientnetb0,True_Apple___healthy,1,0,0,329,1,0,1,0,0,0,0,0,0,0,1,0,0,0,0,0,0,0,0,0,1,0,0,0,0,0,0,0,0,0,0,0,0,0
efficientnetb0,True_Blueberry___healthy,0,0,0,1,307,0,0,0,0,0,0,0,0,0,0,0,0,0,0,0,0,0,0,0,0,0,0,0,0,0,0,0,0,0,0,0,0,0
efficientnetb0,True_Cherry_(including_sour)___Powdery_mildew,0,0,0,0,0,206,0,0,0,0,0,0,0,0,0,0,0,0,0,0,0,0,0,0,0,0,0,0,0,0,0,0,0,0,0,0,0,0
efficientnetb0,True_Cherry_(including_sour)___healthy,0,0,0,0,0,0,175,0,0,0,0,0,0,0,0,0,0,0,0,0,0,0,0,0,0,1,0,0,0,0,0,0,0,0,0,0,0,0
efficientnetb0,True_Corn_(maize)___Cercospora_leaf_spot Gray_leaf_spot,0,0,0,0,0,0,0,101,0,9,0,0,0,0,0,0,0,0,0,0,0,0,0,0,0,0,0,0,0,0,0,0,0,0,0,0,0,0
efficientnetb0,True_Corn_(maize)___Common_rust_,0,0,0,0,0,0,0,0,234,0,0,0,0,0,0,0,0,0,0,0,0,0,0,0,0,0,0,0,0,0,0,0,0,0,0,0,0,0
efficientnetb0,True_Corn_(maize)___Northern_Leaf_Blight,0,0,0,0,0,0,0,10,1,171,0,0,0,0,0,0,0,0,0,0,0,0,0,0,0,0,0,0,0,0,1,0,0,0,0,0,0,0
efficientnetb0,True_Corn_(maize)___healthy,0,0,0,0,0,0,0,0,0,0,237,0,0,0,0,0,0,0,0,0,0,0,0,0,0,0,0,0,0,0,0,0,0,0,0,0,0,0
efficientnetb0,True_Grape___Black_rot,0,0,0,0,0,0,0,0,0,0,0,241,0,0,0,0,0,0,0,0,0,0,0,0,0,0,0,0,0,0,0,0,0,0,0,0,0,0
efficientnetb0,True_Grape___Esca_(Black_Measles),0,0,0,0,0,0,0,0,0,0,0,1,307,0,0,0,0,0,0,0,0,0,0,0,0,0,0,0,0,0,0,0,0,0,0,0,0,0
efficientnetb0,True_Grape___Leaf_blight_(Isariopsis_Leaf_Spot),0,0,0,0,0,0,0,0,0,0,0,0,0,230,0,0,0,0,0,0,1,0,0,0,0,0,0,0,0,0,0,0,0,0,0,0,0,0
efficientnetb0,True_Grape___healthy,0,0,0,0,0,0,0,0,0,0,0,0,0,0,83,0,0,0,0,0,0,0,0,0,0,0,0,0,0,0,0,0,0,0,0,0,0,0
efficientnetb0,True_Orange___Haunglongbing_(Citrus_greening),0,0,0,0,0,0,0,0,0,0,0,0,0,0,0,1058,0,0,0,0,0,0,0,0,0,0,0,0,0,0,0,0,0,0,0,0,0,0
efficientnetb0,True_Peach___Bacterial_spot,0,0,0,0,0,0,0,0,0,0,0,0,0,0,0,0,422,0,0,0,0,0,0,0,0,0,0,0,1,0,0,0,0,0,0,0,0,0
efficientnetb0,True_Peach___healthy,0,0,0,0,0,0,0,0,0,0,0,0,0,0,0,0,0,72,0,0,0,0,0,0,0,0,0,0,0,0,0,0,0,0,0,0,0,0
efficientnetb0,"True_Pepper,_bell___Bacterial_spot",0,0,0,0,0,0,0,0,0,0,0,0,0,0,0,0,0,0,176,0,0,0,0,0,0,0,0,0,0,0,0,0,0,0,0,0,0,0
efficientnetb0,"True_Pepper,_bell___healthy",0,0,0,0,0,1,0,0,0,0,0,0,1,0,0,0,0,0,0,290,0,0,0,0,0,0,0,0,0,0,0,0,0,0,0,0,0,0
efficientnetb0,True_Potato___Early_blight,0,0,0,0,0,0,0,0,0,0,0,0,0,0,0,0,0,0,0,0,216,0,0,0,0,0,0,0,0,0,0,0,0,0,0,0,0,0
efficientnetb0,True_Potato___Late_blight,0,0,0,0,0,0,0,0,0,0,0,0,0,0,0,0,0,0,0,0,0,212,0,0,0,0,0,0,0,0,0,0,1,0,0,0,0,0
efficientnetb0,True_Potato___healthy,0,0,0,0,0,0,0,0,0,0,0,0,0,0,0,0,0,0,0,0,0,1,30,0,0,0,0,0,0,0,0,0,0,0,0,0,0,0
efficientnetb0,True_Raspberry___healthy,0,0,0,0,0,0,0,0,0,0,0,0,0,0,0,0,0,0,0,0,0,0,0,72,0,0,0,0,0,0,0,0,0,0,0,0,0,0
efficientnetb0,True_Soybean___healthy,0,0,0,1,0,0,0,0,0,0,0,0,0,0,0,0,0,1,0,0,0,0,0,0,1035,0,0,0,0,0,0,0,0,0,0,0,0,0
efficientnetb0,True_Squash___Powdery_mildew,0,0,0,0,0,0,0,0,0,0,0,0,0,0,0,0,0,0,0,0,0,0,0,0,0,380,0,0,0,0,0,0,0,0,0,0,0,0
efficientnetb0,True_Strawberry___Leaf_scorch,0,0,0,0,0,0,0,0,0,0,0,0,0,0,0,0,0,0,0,0,0,0,0,0,0,0,210,0,0,0,0,0,0,0,0,0,0,0
efficientnetb0,True_Strawberry___healthy,0,0,0,0,0,0,0,0,0,0,0,0,0,0,0,0,0,0,0,0,0,0,0,0,0,0,0,99,0,0,0,0,0,0,0,0,0,0
efficientnetb0,True_Tomato___Bacterial_spot,0,0,0,0,0,0,0,0,0,0,0,0,0,0,0,0,0,0,0,0,0,0,0,0,0,0,0,0,428,0,0,0,0,0,0,0,0,0
efficientnetb0,True_Tomato___Early_blight,0,0,0,0,0,0,0,0,0,0,0,0,0,0,0,0,0,0,0,0,0,2,0,0,0,0,0,0,1,170,4,0,0,0,4,0,0,0
efficientnetb0,True_Tomato___Late_blight,0,0,0,0,0,1,0,0,0,0,0,0,0,0,0,0,0,0,0,0,0,1,0,0,0,0,0,0,0,0,400,0,1,0,1,0,0,1
efficientnetb0,True_Tomato___Leaf_Mold,0,0,0,0,0,0,0,0,0,0,0,0,0,0,0,0,0,0,0,0,0,0,0,0,0,0,0,0,0,0,0,180,0,0,0,0,0,0
efficientnetb0,True_Tomato___Septoria_leaf_spot,0,0,0,0,0,0,0,0,0,0,0,0,0,0,0,0,0,0,0,0,0,0,0,0,0,0,0,0,0,3,0,0,362,0,0,0,0,0
efficientnetb0,True_Tomato___Spider_mites Two-spotted_spider_mite,0,0,0,0,0,0,0,0,0,0,0,0,0,0,0,0,0,0,0,0,0,0,0,0,0,0,0,0,0,0,0,1,0,332,1,1,0,0
efficientnetb0,True_Tomato___Target_Spot,0,0,0,0,0,0,0,0,0,0,0,0,0,0,0,0,0,0,0,0,0,0,0,0,0,0,0,0,1,1,0,0,0,0,282,0,0,0
efficientnetb0,True_Tomato___Tomato_Yellow_Leaf_Curl_Virus,0,0,0,0,0,0,0,0,0,0,0,0,0,0,0,0,0,0,0,0,0,0,0,0,0,0,0,0,0,0,0,0,0,0,0,1061,0,0
efficientnetb0,True_Tomato___Tomato_mosaic_virus,0,0,0,0,0,0,0,0,0,0,0,0,0,0,0,0,0,0,0,0,0,0,0,0,0,0,0,0,0,0,0,0,0,0,0,0,70,0
efficientnetb0,True_Tomato___healthy,0,0,0,0,0,0,0,0,0,0,0,0,0,0,0,0,0,0,0,0,0,0,0,0,0,0,0,0,0,0,0,0,0,0,0,0,0,316
inceptionv3,True_Apple___Apple_scab,131,0,0,0,0,0,0,0,0,0,0,0,0,0,0,0,0,0,0,0,0,0,0,0,0,0,0,0,0,0,1,0,0,0,0,0,0,0
inceptionv3,True_Apple___Black_rot,0,127,0,0,0,0,0,0,0,0,0,0,0,0,0,0,0,0,0,0,0,0,0,0,0,0,0,0,0,0,0,0,0,0,0,0,0,0
inceptionv3,True_Apple___Cedar_apple_rust,0,0,46,0,0,0,0,0,0,1,0,0,0,0,0,0,0,0,0,0,0,0,0,0,0,0,0,0,0,0,0,0,0,0,0,0,0,0
inceptionv3,True_Apple___healthy,0,0,0,330,2,0,1,0,0,0,0,0,0,0,1,0,0,0,0,0,0,0,0,0,0,0,0,0,0,0,0,0,0,0,0,0,0,0
inceptionv3,True_Blueberry___healthy,0,0,0,0,308,0,0,0,0,0,0,0,0,0,0,0,0,0,0,0,0,0,0,0,0,0,0,0,0,0,0,0,0,0,0,0,0,0
inceptionv3,True_Cherry_(including_sour)___Powdery_mildew,0,0,0,0,0,205,0,0,0,0,0,0,0,0,0,0,0,0,0,0,0,0,0,0,0,1,0,0,0,0,0,0,0,0,0,0,0,0
inceptionv3,True_Cherry_(including_sour)___healthy,0,0,0,0,0,0,175,0,0,0,0,0,0,1,0,0,0,0,0,0,0,0,0,0,0,0,0,0,0,0,0,0,0,0,0,0,0,0
inceptionv3,True_Corn_(maize)___Cercospora_leaf_spot Gray_leaf_spot,0,0,0,0,0,0,0,99,1,10,0,0,0,0,0,0,0,0,0,0,0,0,0,0,0,0,0,0,0,0,0,0,0,0,0,0,0,0
inceptionv3,True_Corn_(maize)___Common_rust_,0,0,0,0,0,0,0,0,234,0,0,0,0,0,0,0,0,0,0,0,0,0,0,0,0,0,0,0,0,0,0,0,0,0,0,0,0,0
inceptionv3,True_Corn_(maize)___Northern_Leaf_Blight,0,0,0,0,0,0,0,8,0,175,0,0,0,0,0,0,0,0,0,0,0,0,0,0,0,0,0,0,0,0,0,0,0,0,0,0,0,0
inceptionv3,True_Corn_(maize)___healthy,0,0,0,0,0,0,0,0,0,0,237,0,0,0,0,0,0,0,0,0,0,0,0,0,0,0,0,0,0,0,0,0,0,0,0,0,0,0
inceptionv3,True_Grape___Black_rot,0,0,0,0,0,0,0,0,0,0,0,240,1,0,0,0,0,0,0,0,0,0,0,0,0,0,0,0,0,0,0,0,0,0,0,0,0,0
inceptionv3,True_Grape___Esca_(Black_Measles),0,0,0,0,0,0,0,0,0,0,0,0,308,0,0,0,0,0,0,0,0,0,0,0,0,0,0,0,0,0,0,0,0,0,0,0,0,0
inceptionv3,True_Grape___Leaf_blight_(Isariopsis_Leaf_Spot),0,0,0,0,0,0,0,0,0,0,0,0,0,231,0,0,0,0,0,0,0,0,0,0,0,0,0,0,0,0,0,0,0,0,0,0,0,0
inceptionv3,True_Grape___healthy,0,0,0,0,0,0,0,0,0,0,0,0,0,0,83,0,0,0,0,0,0,0,0,0,0,0,0,0,0,0,0,0,0,0,0,0,0,0
inceptionv3,True_Orange___Haunglongbing_(Citrus_greening),0,0,0,0,0,0,0,0,0,0,0,0,0,0,0,1058,0,0,0,0,0,0,0,0,0,0,0,0,0,0,0,0,0,0,0,0,0,0
inceptionv3,True_Peach___Bacterial_spot,0,0,0,0,0,0,0,0,0,0,0,0,0,0,0,0,422,1,0,0,0,0,0,0,0,0,0,0,0,0,0,0,0,0,0,0,0,0
inceptionv3,True_Peach___healthy,0,0,0,0,0,0,0,0,0,0,0,0,0,0,0,0,0,72,0,0,0,0,0,0,0,0,0,0,0,0,0,0,0,0,0,0,0,0
inceptionv3,"True_Pepper,_bell___Bacterial_spot",0,0,0,0,0,0,0,0,0,0,0,0,0,0,0,0,0,0,176,0,0,0,0,0,0,0,0,0,0,0,0,0,0,0,0,0,0,0
inceptionv3,"True_Pepper,_bell___healthy",0,1,0,0,0,0,0,0,0,0,0,0,0,0,0,0,0,0,0,291,0,0,0,0,0,0,0,0,0,0,0,0,0,0,0,0,0,0
inceptionv3,True_Potato___Early_blight,0,0,0,0,0,0,0,0,0,0,0,0,0,0,0,0,0,0,0,0,216,0,0,0,0,0,0,0,0,0,0,0,0,0,0,0,0,0
inceptionv3,True_Potato___Late_blight,0,0,0,0,0,0,0,0,0,0,0,0,0,0,0,0,0,0,0,0,0,212,0,0,0,0,0,0,0,0,1,0,0,0,0,0,0,0
inceptionv3,True_Potato___healthy,0,0,0,0,0,0,0,0,0,0,0,0,0,0,0,0,0,0,0,0,0,0,31,0,0,0,0,0,0,0,0,0,0,0,0,0,0,0
inceptionv3,True_Raspberry___healthy,0,0,0,0,0,0,0,0,0,0,0,0,0,0,0,0,0,0,0,0,0,0,0,72,0,0,0,0,0,0,0,0,0,0,0,0,0,0
inceptionv3,True_Soybean___healthy,0,0,0,0,0,0,0,0,0,0,0,0,0,0,0,0,0,0,0,1,0,0,0,0,1035,0,0,0,0,0,1,0,0,0,0,0,0,0
inceptionv3,True_Squash___Powdery_mildew,0,0,0,0,0,0,0,0,0,0,0,0,0,0,0,0,0,0,0,0,0,0,0,0,0,380,0,0,0,0,0,0,0,0,0,0,0,0
inceptionv3,True_Strawberry___Leaf_scorch,0,0,0,0,0,0,0,0,0,0,0,0,0,0,0,0,0,0,0,0,0,0,0,0,0,0,209,0,0,0,0,0,1,0,0,0,0,0
inceptionv3,True_Strawberry___healthy,0,0,0,0,0,0,0,0,0,0,0,0,0,0,0,0,0,0,0,0,0,0,0,0,0,0,0,99,0,0,0,0,0,0,0,0,0,0
inceptionv3,True_Tomato___Bacterial_spot,0,0,0,0,0,0,0,0,0,0,0,0,0,0,0,0,0,0,0,0,0,0,0,0,0,0,0,0,426,0,0,0,0,0,1,1,0,0
inceptionv3,True_Tomato___Early_blight,0,0,0,0,0,0,0,0,0,0,0,0,0,0,0,0,0,0,0,0,0,0,0,0,0,0,0,0,1,178,2,0,0,0,0,0,0,0
inceptionv3,True_Tomato___Late_blight,0,0,0,0,0,0,0,0,0,0,0,0,0,0,0,0,0,0,1,0,0,0,0,0,0,0,0,0,0,0,403,0,0,0,0,0,0,1
inceptionv3,True_Tomato___Leaf_Mold,0,0,0,0,0,0,0,0,0,0,0,0,0,0,0,0,0,0,0,0,0,0,0,0,0,0,0,0,0,0,0,180,0,0,0,0,0,0
inceptionv3,True_Tomato___Septoria_leaf_spot,0,0,0,0,0,0,0,0,0,0,0,0,0,0,0,0,0,0,0,0,0,0,0,0,0,0,0,0,0,1,0,0,364,0,0,0,0,0
inceptionv3,True_Tomato___Spider_mites Two-spotted_spider_mite,0,0,0,0,0,0,0,0,0,0,0,0,0,0,0,0,0,0,0,0,0,0,0,0,0,0,0,0,0,0,0,0,0,335,0,0,0,0
inceptionv3,True_Tomato___Target_Spot,0,0,0,0,0,0,0,0,0,0,0,0,0,0,0,0,0,0,0,0,0,0,0,0,0,0,0,0,0,0,0,0,0,0,284,0,0,0
inceptionv3,True_Tomato___Tomato_Yellow_Leaf_Curl_Virus,0,0,0,0,0,0,0,0,0,0,0,0,0,0,0,0,0,0,0,0,0,0,0,0,0,0,0,0,1,0,0,0,0,0,0,1060,0,0
inceptionv3,True_Tomato___Tomato_mosaic_virus,0,0,0,0,0,0,0,0,0,0,0,0,0,0,0,0,0,0,0,0,0,0,0,0,0,0,0,0,0,0,0,0,0,0,0,0,70,0
inceptionv3,True_Tomato___healthy,0,0,0,0,0,0,0,0,0,0,0,0,0,0,0,0,0,0,0,0,0,0,0,0,0,0,0,0,0,0,0,0,0,0,1,0,0,315
lenet,True_Apple___Apple_scab,114,6,0,5,1,0,0,0,0,0,0,0,0,0,0,1,1,0,0,0,0,1,0,0,0,1,0,0,0,1,0,1,0,0,0,0,0,0
lenet,True_Apple___Black_rot,0,125,0,1,0,0,0,0,0,0,0,0,0,0,0,0,0,0,0,1,0,0,0,0,0,0,0,0,0,0,0,0,0,0,0,0,0,0
lenet,True_Apple___Cedar_apple_rust,0,0,43,0,0,2,0,1,0,0,0,0,0,0,0,0,0,0,0,0,0,0,0,0,1,0,0,0,0,0,0,0,0,0,0,0,0,0
lenet,True_Apple___healthy,2,1,0,315,5,0,0,0,0,0,0,0,0,0,0,0,0,0,0,2,0,0,0,0,4,0,0,0,0,1,1,1,1,1,0,0,0,0
lenet,True_Blueberry___healthy,1,0,0,2,301,0,0,0,0,0,0,0,0,0,0,0,0,1,0,0,0,0,0,0,0,0,0,2,0,0,0,1,0,0,0,0,0,0
lenet,True_Cherry_(including_sour)___Powdery_mildew,0,0,0,0,0,203,0,0,0,0,0,0,0,0,0,0,0,0,0,1,0,0,0,0,0,1,0,0,1,0,0,0,0,0,0,0,0,0
lenet,True_Cherry_(including_sour)___healthy,0,0,0,0,0,0,173,0,0,0,0,0,0,0,0,0,0,0,0,0,0,0,0,0,2,0,0,0,0,0,1,0,0,0,0,0,0,0
lenet,True_Corn_(maize)___Cercospora_leaf_spot Gray_leaf_spot,0,0,0,0,0,0,0,88,0,21,1,0,0,0,0,0,0,0,0,0,0,0,0,0,0,0,0,0,0,0,0,0,0,0,0,0,0,0
lenet,True_Corn_(maize)___Common_rust_,0,0,0,0,0,0,0,0,232,1,1,0,0,0,0,0,0,0,0,0,0,0,0,0,0,0,0,0,0,0,0,0,0,0,0,0,0,0
lenet,True_Corn_(maize)___Northern_Leaf_Blight,0,0,0,0,0,0,0,8,0,174,0,0,0,0,0,0,0,0,0,0,0,0,0,0,0,0,1,0,0,0,0,0,0,0,0,0,0,0
lenet,True_Corn_(maize)___healthy,0,0,0,0,0,0,0,0,0,0,236,0,0,0,0,0,0,0,0,0,0,0,0,0,0,1,0,0,0,0,0,0,0,0,0,0,0,0
lenet,True_Grape___Black_rot,0,0,0,0,0,0,0,0,0,0,0,233,5,3,0,0,0,0,0,0,0,0,0,0,0,0,0,0,0,0,0,0,0,0,0,0,0,0
lenet,True_Grape___Esca_(Black_Measles),0,0,0,0,0,0,0,0,0,0,0,4,304,0,0,0,0,0,0,0,0,0,0,0,0,0,0,0,0,0,0,0,0,0,0,0,0,0
lenet,True_Grape___Leaf_blight_(Isariopsis_Leaf_Spot),0,0,0,0,0,0,0,0,0,0,0,1,0,229,0,0,0,0,0,0,0,0,0,0,0,0,0,0,1,0,0,0,0,0,0,0,0,0
lenet,True_Grape___healthy,1,0,0,0,0,0,0,0,0,0,0,0,0,0,81,0,0,0,0,0,0,0,0,0,0,1,0,0,0,0,0,0,0,0,0,0,0,0
lenet,True_Orange___Haunglongbing_(Citrus_greening),0,0,0,0,0,0,0,0,0,0,0,0,0,0,0,1056,1,0,0,0,0,0,0,0,0,0,0,0,0,0,0,0,0,1,0,0,0,0
lenet,True_Peach___Bacterial_spot,3,0,0,0,0,0,0,0,0,1,0,0,0,0,0,0,411,1,0,0,0,1,0,0,0,0,1,0,1,1,1,0,0,0,1,0,0,1
lenet,True_Peach___healthy,0,0,0,0,0,0,0,0,0,0,0,0,0,0,0,0,0,72,0,0,0,0,0,0,0,0,0,0,0,0,0,0,0,0,0,0,0,0
lenet,"True_Pepper,_bell___Bacterial_spot",1,0,0,0,0,0,0,0,0,0,0,0,0,0,0,0,1,0,172,0,0,0,0,0,0,0,0,0,0,0,0,0,2,0,0,0,0,0
lenet,"True_Pepper,_bell___healthy",0,0,0,0,1,0,0,0,1,0,0,0,0,0,0,0,0,0,0,283,0,0,0,2,5,0,0,0,0,0,0,0,0,0,0,0,0,0
lenet,True_Potato___Early_blight,0,0,0,0,0,0,0,0,0,0,0,0,0,0,0,0,0,0,0,0,210,3,0,0,0,0,0,0,0,0,2,0,1,0,0,0,0,0
lenet,True_Potato___Late_blight,0,0,0,0,0,0,0,0,0,0,0,0,0,0,0,0,0,0,0,0,0,205,0,0,0,0,0,0,0,1,3,1,3,0,0,0,0,0
lenet,True_Potato___healthy,0,0,0,0,0,0,1,0,0,0,0,0,0,0,0,0,0,0,0,3,0,0,27,0,0,0,0,0,0,0,0,0,0,0,0,0,0,0
lenet,True_Raspberry___healthy,0,0,0,0,0,0,0,0,0,0,0,0,0,0,0,0,0,0,0,0,0,0,0,71,1,0,0,0,0,0,0,0,0,0,0,0,0,0
lenet,True_Soybean___healthy,0,1,0,1,0,0,1,0,0,0,0,0,0,0,0,0,0,0,0,1,0,0,1,0,1030,0,0,0,0,0,0,0,1,1,0,0,0,0
lenet,True_Squash___Powdery_mildew,2,0,0,0,0,0,0,0,0,0,2,0,0,0,0,0,0,0,0,0,0,0,0,0,0,373,0,1,1,0,1,0,0,0,0,0,0,0
lenet,True_Strawberry___Leaf_scorch,0,0,0,0,0,0,0,0,0,0,0,0,0,1,0,0,0,0,0,0,1,0,0,0,0,1,206,0,0,0,1,0,0,0,0,0,0,0
lenet,True_Strawberry___healthy,0,1,0,0,0,0,0,0,0,0,0,0,0,0,0,0,0,0,0,0,0,1,0,0,0,0,0,97,0,0,0,0,0,0,0,0,0,0
lenet,True_Tomato___Bacterial_spot,0,0,0,0,0,0,0,0,0,0,0,0,0,0,0,0,2,0,0,0,0,0,0,0,0,0,0,0,419,1,0,0,0,0,3,3,0,0
lenet,True_Tomato___Early_blight,0,0,0,0,0,0,0,0,0,0,0,1,0,1,0,0,0,0,0,0,0,3,0,1,0,0,0,0,3,157,8,0,0,1,4,2,0,0
lenet,True_Tomato___Late_blight,1,0,0,3,0,1,0,0,0,0,1,0,0,1,1,1,1,1,2,0,4,5,0,0,0,2,0,0,0,4,370,4,2,0,0,0,0,1
lenet,True_Tomato___Leaf_Mold,0,0,0,0,0,0,0,0,0,0,0,0,0,0,0,0,0,0,0,2,0,0,0,0,0,0,0,0,0,0,1,171,1,2,1,1,0,1
lenet,True_Tomato___Septoria_leaf_spot,0,0,0,0,0,0,0,0,0,0,0,0,0,0,0,0,0,0,1,0,3,0,1,0,0,0,2,0,1,3,3,4,345,1,1,0,0,0
lenet,True_Tomato___Spider_mites Two-spotted_spider_mite,0,0,0,1,0,0,0,0,0,0,0,0,0,0,0,0,0,0,0,0,0,0,0,0,0,0,0,0,0,3,0,2,0,319,5,2,3,0
lenet,True_Tomato___Target_Spot,0,0,0,0,0,0,0,0,0,0,0,0,0,0,0,0,0,0,0,0,0,0,0,0,0,0,0,0,0,2,0,0,4,4,273,0,0,1
lenet,True_Tomato___Tomato_Yellow_Leaf_Curl_Virus,0,0,0,0,0,0,0,0,0,0,0,0,0,0,0,0,0,0,0,0,0,0,0,0,0,0,0,0,1,0,1,0,0,0,0,1059,0,0
lenet,True_Tomato___Tomato_mosaic_virus,0,0,0,0,0,0,0,0,0,0,0,0,0,0,0,0,0,0,0,0,0,0,0,0,0,0,0,0,0,0,0,0,0,0,0,0,70,0
lenet,True_Tomato___healthy,0,0,0,0,0,0,0,0,0,0,0,0,0,0,0,0,0,0,0,0,0,0,0,0,0,0,0,0,0,0,0,0,0,0,1,0,0,315
mobilenetv2,True_Apple___Apple_scab,127,1,0,1,0,0,0,0,0,0,0,0,0,0,0,0,3,0,0,0,0,0,0,0,0,0,0,0,0,0,0,0,0,0,0,0,0,0
mobilenetv2,True_Apple___Black_rot,0,127,0,0,0,0,0,0,0,0,0,0,0,0,0,0,0,0,0,0,0,0,0,0,0,0,0,0,0,0,0,0,0,0,0,0,0,0
mobilenetv2,True_Apple___Cedar_apple_rust,2,0,45,0,0,0,0,0,0,0,0,0,0,0,0,0,0,0,0,0,0,0,0,0,0,0,0,0,0,0,0,0,0,0,0,0,0,0
mobilenetv2,True_Apple___healthy,0,0,0,330,1,0,1,0,0,0,0,0,0,0,1,0,0,0,0,0,0,0,0,0,1,0,0,0,0,0,0,0,0,0,0,0,0,0
mobilenetv2,True_Blueberry___healthy,0,0,0,1,307,0,0,0,0,0,0,0,0,0,0,0,0,0,0,0,0,0,0,0,0,0,0,0,0,0,0,0,0,0,0,0,0,0
mobilenetv2,True_Cherry_(including_sour)___Powdery_mildew,0,0,0,0,0,206,0,0,0,0,0,0,0,0,0,0,0,0,0,0,0,0,0,0,0,0,0,0,0,0,0,0,0,0,0,0,0,0
mobilenetv2,True_Cherry_(including_sour)___healthy,0,0,0,0,0,0,174,0,0,0,0,0,0,0,0,0,0,0,0,0,0,0,0,0,1,1,0,0,0,0,0,0,0,0,0,0,0,0
mobilenetv2,True_Corn_(maize)___Cercospora_leaf_spot Gray_leaf_spot,0,0,0,0,0,0,0,99,0,11,0,0,0,0,0,0,0,0,0,0,0,0,0,0,0,0,0,0,0,0,0,0,0,0,0,0,0,0
mobilenetv2,True_Corn_(maize)___Common_rust_,0,0,0,0,0,0,0,0,233,0,0,0,0,0,0,0,0,0,0,0,0,0,0,0,0,0,0,0,0,0,1,0,0,0,0,0,0,0
mobilenetv2,True_Corn_(maize)___Northern_Leaf_Blight,0,0,0,0,0,0,0,9,0,174,0,0,0,0,0,0,0,0,0,0,0,0,0,0,0,0,0,0,0,0,0,0,0,0,0,0,0,0
mobilenetv2,True_Corn_(maize)___healthy,0,0,0,0,0,0,0,0,0,0,237,0,0,0,0,0,0,0,0,0,0,0,0,0,0,0,0,0,0,0,0,0,0,0,0,0,0,0
mobilenetv2,True_Grape___Black_rot,0,0,0,0,0,0,0,0,0,0,0,241,0,0,0,0,0,0,0,0,0,0,0,0,0,0,0,0,0,0,0,0,0,0,0,0,0,0
mobilenetv2,True_Grape___Esca_(Black_Measles),0,0,0,0,0,0,0,0,0,0,0,0,308,0,0,0,0,0,0,0,0,0,0,0,0,0,0,0,0,0,0,0,0,0,0,0,0,0
mobilenetv2,True_Grape___Leaf_blight_(Isariopsis_Leaf_Spot),0,0,0,0,0,0,0,1,0,0,0,1,0,229,0,0,0,0,0,0,0,0,0,0,0,0,0,0,0,0,0,0,0,0,0,0,0,0
mobilenetv2,True_Grape___healthy,0,0,0,0,0,0,0,0,0,0,0,1,0,0,81,0,0,0,0,0,0,0,0,0,1,0,0,0,0,0,0,0,0,0,0,0,0,0
mobilenetv2,True_Orange___Haunglongbing_(Citrus_greening),0,0,0,0,0,0,0,0,0,0,0,0,0,0,0,1058,0,0,0,0,0,0,0,0,0,0,0,0,0,0,0,0,0,0,0,0,0,0
mobilenetv2,True_Peach___Bacterial_spot,0,0,0,0,0,0,0,0,0,0,0,0,0,0,0,0,422,0,0,0,0,0,0,0,0,0,0,0,1,0,0,0,0,0,0,0,0,0
mobilenetv2,True_Peach___healthy,0,0,0,0,0,0,0,0,0,0,0,0,0,0,0,0,0,72,0,0,0,0,0,0,0,0,0,0,0,0,0,0,0,0,0,0,0,0
mobilenetv2,"True_Pepper,_bell___Bacterial_spot",0,0,0,0,0,0,0,0,0,0,0,0,0,0,0,0,1,0,174,1,0,0,0,0,0,0,0,0,0,0,0,0,0,0,0,0,0,0
mobilenetv2,"True_Pepper,_bell___healthy",0,0,0,0,0,0,0,0,0,0,0,0,1,0,0,0,0,0,1,290,0,0,0,0,0,0,0,0,0,0,0,0,0,0,0,0,0,0
mobilenetv2,True_Potato___Early_blight,0,0,0,0,0,0,0,0,0,0,0,0,0,0,0,0,0,0,0,0,216,0,0,0,0,0,0,0,0,0,0,0,0,0,0,0,0,0
mobilenetv2,True_Potato___Late_blight,0,0,0,0,0,0,0,0,0,0,0,0,0,0,0,0,0,0,0,0,1,210,1,0,0,0,0,0,0,0,1,0,0,0,0,0,0,0
mobilenetv2,True_Potato___healthy,0,0,0,0,0,0,0,0,0,0,0,0,0,0,0,0,0,0,0,0,0,0,31,0,0,0,0,0,0,0,0,0,0,0,0,0,0,0
mobilenetv2,True_Raspberry___healthy,0,0,0,0,0,0,0,0,0,0,0,0,0,0,0,0,0,0,0,0,0,0,0,72,0,0,0,0,0,0,0,0,0,0,0,0,0,0
mobilenetv2,True_Soybean___healthy,0,0,0,0,0,0,0,0,0,0,1,0,0,0,0,0,0,0,0,0,0,0,0,0,1036,0,0,0,0,0,0,0,0,0,0,0,0,0
mobilenetv2,True_Squash___Powdery_mildew,0,0,0,0,0,0,0,0,0,1,0,0,0,0,0,0,0,0,0,0,0,0,0,0,0,379,0,0,0,0,0,0,0,0,0,0,0,0
mobilenetv2,True_Strawberry___Leaf_scorch,0,0,0,0,0,0,0,0,0,0,0,0,0,0,0,0,0,0,0,0,0,0,0,0,0,1,209,0,0,0,0,0,0,0,0,0,0,0
mobilenetv2,True_Strawberry___healthy,0,0,0,0,0,0,0,0,0,0,0,0,0,0,0,0,0,0,0,0,0,0,0,0,0,0,0,99,0,0,0,0,0,0,0,0,0,0
mobilenetv2,True_Tomato___Bacterial_spot,0,0,0,0,0,0,0,0,0,0,0,0,0,0,0,0,0,0,0,0,0,0,0,0,0,0,0,0,428,0,0,0,0,0,0,0,0,0
mobilenetv2,True_Tomato___Early_blight,0,0,0,0,0,0,0,1,0,0,0,0,0,0,0,0,0,0,0,0,0,1,0,0,0,0,0,0,3,163,8,0,1,0,3,1,0,0
mobilenetv2,True_Tomato___Late_blight,0,0,0,0,0,0,0,1,0,0,0,0,0,0,0,0,0,0,0,0,0,3,0,0,0,0,0,0,0,3,397,0,0,0,0,0,0,1
mobilenetv2,True_Tomato___Leaf_Mold,0,0,0,0,0,1,0,0,0,0,0,0,0,0,0,0,0,0,0,0,0,0,0,0,0,0,0,0,0,0,0,178,0,1,0,0,0,0
mobilenetv2,True_Tomato___Septoria_leaf_spot,0,0,0,0,0,0,0,0,0,0,0,0,0,0,0,0,0,0,0,0,0,1,0,0,0,0,0,0,0,3,1,0,359,0,0,1,0,0
mobilenetv2,True_Tomato___Spider_mites Two-spotted_spider_mite,0,0,0,0,0,0,0,0,0,0,0,0,0,0,0,0,0,0,0,0,0,0,0,0,0,0,0,0,0,0,0,0,0,331,1,2,1,0
mobilenetv2,True_Tomato___Target_Spot,0,0,0,0,0,0,0,0,0,0,0,0,0,0,0,0,0,0,0,0,0,0,0,0,0,0,0,0,1,0,0,0,2,2,279,0,0,0
mobilenetv2,True_Tomato___Tomato_Yellow_Leaf_Curl_Virus,0,0,0,0,0,0,0,0,0,0,0,0,0,0,0,0,0,0,0,0,0,0,0,0,0,0,0,0,0,0,0,0,0,0,0,1061,0,0
mobilenetv2,True_Tomato___Tomato_mosaic_virus,0,0,0,0,0,0,0,0,0,0,0,0,0,0,0,0,0,0,0,0,0,0,0,0,0,0,0,0,0,0,0,0,0,0,0,0,70,0
mobilenetv2,True_Tomato___healthy,0,0,0,0,0,0,0,0,0,0,0,0,0,0,0,0,0,0,0,0,0,0,0,0,0,0,0,0,0,0,0,0,0,0,1,0,0,315
mobilenetv3small,True_Apple___Apple_scab,128,4,0,0,0,0,0,0,0,0,0,0,0,0,0,0,0,0,0,0,0,0,0,0,0,0,0,0,0,0,0,0,0,0,0,0,0,0
mobilenetv3small,True_Apple___Black_rot,0,127,0,0,0,0,0,0,0,0,0,0,0,0,0,0,0,0,0,0,0,0,0,0,0,0,0,0,0,0,0,0,0,0,0,0,0,0
mobilenetv3small,True_Apple___Cedar_apple_rust,0,0,46,1,0,0,0,0,0,0,0,0,0,0,0,0,0,0,0,0,0,0,0,0,0,0,0,0,0,0,0,0,0,0,0,0,0,0
mobilenetv3small,True_Apple___healthy,0,0,0,329,1,0,0,0,0,0,0,0,0,0,1,0,0,0,0,0,0,0,0,0,3,0,0,0,0,0,0,0,0,0,0,0,0,0
mobilenetv3small,True_Blueberry___healthy,1,0,0,0,307,0,0,0,0,0,0,0,0,0,0,0,0,0,0,0,0,0,0,0,0,0,0,0,0,0,0,0,0,0,0,0,0,0
mobilenetv3small,True_Cherry_(including_sour)___Powdery_mildew,0,0,0,0,0,206,0,0,0,0,0,0,0,0,0,0,0,0,0,0,0,0,0,0,0,0,0,0,0,0,0,0,0,0,0,0,0,0
mobilenetv3small,True_Cherry_(including_sour)___healthy,0,0,0,0,0,0,174,0,0,0,1,0,0,0,0,0,0,0,0,0,0,0,0,0,1,0,0,0,0,0,0,0,0,0,0,0,0,0
mobilenetv3small,True_Corn_(maize)___Cercospora_leaf_spot Gray_leaf_spot,0,0,0,0,0,0,0,98,1,11,0,0,0,0,0,0,0,0,0,0,0,0,0,0,0,0,0,0,0,0,0,0,0,0,0,0,0,0
mobilenetv3small,True_Corn_(maize)___Common_rust_,0,0,0,0,0,0,0,0,234,0,0,0,0,0,0,0,0,0,0,0,0,0,0,0,0,0,0,0,0,0,0,0,0,0,0,0,0,0
mobilenetv3small,True_Corn_(maize)___Northern_Leaf_Blight,0,0,0,0,0,0,0,6,0,177,0,0,0,0,0,0,0,0,0,0,0,0,0,0,0,0,0,0,0,0,0,0,0,0,0,0,0,0
mobilenetv3small,True_Corn_(maize)___healthy,0,0,0,0,0,0,0,0,0,0,237,0,0,0,0,0,0,0,0,0,0,0,0,0,0,0,0,0,0,0,0,0,0,0,0,0,0,0
mobilenetv3small,True_Grape___Black_rot,0,0,0,0,0,0,0,0,0,0,0,239,2,0,0,0,0,0,0,0,0,0,0,0,0,0,0,0,0,0,0,0,0,0,0,0,0,0
mobilenetv3small,True_Grape___Esca_(Black_Measles),0,0,0,0,0,0,0,0,0,0,0,2,306,0,0,0,0,0,0,0,0,0,0,0,0,0,0,0,0,0,0,0,0,0,0,0,0,0
mobilenetv3small,True_Grape___Leaf_blight_(Isariopsis_Leaf_Spot),0,0,0,0,0,0,0,0,0,0,0,0,0,230,0,0,0,0,0,0,0,0,0,0,0,0,1,0,0,0,0,0,0,0,0,0,0,0
mobilenetv3small,True_Grape___healthy,0,0,0,0,0,0,0,0,0,0,0,0,0,0,83,0,0,0,0,0,0,0,0,0,0,0,0,0,0,0,0,0,0,0,0,0,0,0
mobilenetv3small,True_Orange___Haunglongbing_(Citrus_greening),0,0,0,0,0,1,0,0,0,0,0,0,0,0,0,1057,0,0,0,0,0,0,0,0,0,0,0,0,0,0,0,0,0,0,0,0,0,0
mobilenetv3small,True_Peach___Bacterial_spot,1,0,0,0,0,0,0,0,0,0,0,0,0,0,0,0,422,0,0,0,0,0,0,0,0,0,0,0,0,0,0,0,0,0,0,0,0,0
mobilenetv3small,True_Peach___healthy,0,0,0,0,0,0,0,0,0,0,0,0,0,0,0,0,0,72,0,0,0,0,0,0,0,0,0,0,0,0,0,0,0,0,0,0,0,0
mobilenetv3small,"True_Pepper,_bell___Bacterial_spot",0,0,0,0,0,0,1,0,0,0,0,0,0,0,0,0,0,0,175,0,0,0,0,0,0,0,0,0,0,0,0,0,0,0,0,0,0,0
mobilenetv3small,"True_Pepper,_bell___healthy",0,0,0,0,0,0,1,0,0,0,0,0,1,0,0,0,0,0,0,289,0,0,0,0,1,0,0,0,0,0,0,0,0,0,0,0,0,0
mobilenetv3small,True_Potato___Early_blight,0,0,0,0,0,0,0,0,0,0,0,0,0,0,0,0,0,0,0,0,216,0,0,0,0,0,0,0,0,0,0,0,0,0,0,0,0,0
mobilenetv3small,True_Potato___Late_blight,0,0,0,0,0,0,0,0,0,0,0,0,0,0,0,0,0,0,0,0,0,211,0,0,0,0,0,0,0,0,1,0,1,0,0,0,0,0
mobilenetv3small,True_Potato___healthy,0,0,0,0,0,0,0,0,0,0,0,0,0,0,0,0,0,0,0,0,0,0,31,0,0,0,0,0,0,0,0,0,0,0,0,0,0,0
mobilenetv3small,True_Raspberry___healthy,0,0,0,0,0,0,0,0,0,0,0,0,0,0,0,0,0,0,0,0,0,0,0,72,0,0,0,0,0,0,0,0,0,0,0,0,0,0
mobilenetv3small,True_Soybean___healthy,0,0,0,0,0,0,0,0,0,0,1,0,0,0,0,0,0,0,0,0,0,0,0,0,1036,0,0,0,0,0,0,0,0,0,0,0,0,0
mobilenetv3small,True_Squash___Powdery_mildew,0,0,0,0,0,0,0,0,0,0,0,0,0,0,0,0,0,0,0,0,0,0,0,0,0,380,0,0,0,0,0,0,0,0,0,0,0,0
mobilenetv3small,True_Strawberry___Leaf_scorch,0,0,0,0,0,0,0,0,0,0,0,0,0,0,0,0,0,0,0,0,0,0,0,0,0,1,209,0,0,0,0,0,0,0,0,0,0,0
mobilenetv3small,True_Strawberry___healthy,0,0,0,0,0,0,0,0,0,0,0,0,0,0,0,0,0,0,0,0,0,0,0,0,0,0,0,99,0,0,0,0,0,0,0,0,0,0
mobilenetv3small,True_Tomato___Bacterial_spot,0,0,0,0,0,0,0,0,0,0,0,0,0,0,0,0,0,0,0,0,0,0,0,0,0,0,0,0,427,0,0,0,0,0,0,0,0,1
mobilenetv3small,True_Tomato___Early_blight,0,0,0,0,0,0,0,0,0,0,0,1,0,0,0,0,0,0,0,0,0,1,0,0,0,0,0,0,0,175,1,0,0,0,2,1,0,0
mobilenetv3small,True_Tomato___Late_blight,0,0,0,0,0,0,0,0,0,0,1,0,0,0,0,0,0,0,0,0,0,2,0,0,0,0,0,0,0,0,400,0,1,0,0,0,0,1
mobilenetv3small,True_Tomato___Leaf_Mold,0,0,0,1,0,0,0,0,0,0,0,0,0,0,0,0,0,0,0,0,0,0,0,0,0,0,0,0,0,0,1,178,0,0,0,0,0,0
mobilenetv3small,True_Tomato___Septoria_leaf_spot,0,0,0,0,0,0,0,0,0,0,0,0,0,0,0,0,0,0,1,0,0,0,0,0,0,0,0,0,0,1,0,1,362,0,0,0,0,0
mobilenetv3small,True_Tomato___Spider_mites Two-spotted_spider_mite,0,0,0,0,0,0,0,0,0,0,0,0,0,0,0,0,0,0,0,1,0,0,0,0,0,0,0,0,0,0,0,0,0,331,3,0,0,0
mobilenetv3small,True_Tomato___Target_Spot,0,0,0,0,0,0,0,0,0,0,0,0,0,0,0,0,0,0,0,0,0,0,0,0,0,0,0,0,0,0,0,0,0,1,283,0,0,0
mobilenetv3small,True_Tomato___Tomato_Yellow_Leaf_Curl_Virus,0,0,0,0,0,1,0,0,0,0,0,0,0,0,0,0,0,0,0,0,0,0,0,0,0,0,0,0,0,0,0,0,0,0,0,1060,0,0
mobilenetv3small,True_Tomato___Tomato_mosaic_virus,0,0,0,0,0,0,0,0,0,0,0,0,0,0,0,0,0,0,0,0,0,0,0,0,0,0,0,0,0,0,0,0,0,0,0,0,70,0
mobilenetv3small,True_Tomato___healthy,0,0,0,0,0,0,0,0,0,0,0,0,0,0,0,0,0,0,0,0,0,0,0,0,0,0,0,0,0,0,0,0,0,0,0,0,0,316
resnet18,True_Apple___Apple_scab,130,2,0,0,0,0,0,0,0,0,0,0,0,0,0,0,0,0,0,0,0,0,0,0,0,0,0,0,0,0,0,0,0,0,0,0,0,0
resnet18,True_Apple___Black_rot,0,127,0,0,0,0,0,0,0,0,0,0,0,0,0,0,0,0,0,0,0,0,0,0,0,0,0,0,0,0,0,0,0,0,0,0,0,0
resnet18,True_Apple___Cedar_apple_rust,1,0,46,0,0,0,0,0,0,0,0,0,0,0,0,0,0,0,0,0,0,0,0,0,0,0,0,0,0,0,0,0,0,0,0,0,0,0
resnet18,True_Apple___healthy,1,0,0,329,1,0,1,0,0,0,0,0,0,0,0,0,0,0,0,0,0,0,0,0,2,0,0,0,0,0,0,0,0,0,0,0,0,0
resnet18,True_Blueberry___healthy,0,0,0,0,308,0,0,0,0,0,0,0,0,0,0,0,0,0,0,0,0,0,0,0,0,0,0,0,0,0,0,0,0,0,0,0,0,0
resnet18,True_Cherry_(including_sour)___Powdery_mildew,0,0,0,0,0,206,0,0,0,0,0,0,0,0,0,0,0,0,0,0,0,0,0,0,0,0,0,0,0,0,0,0,0,0,0,0,0,0
resnet18,True_Cherry_(including_sour)___healthy,0,0,0,0,0,0,173,0,0,0,0,0,0,0,0,0,0,0,0,1,0,0,1,0,1,0,0,0,0,0,0,0,0,0,0,0,0,0
resnet18,True_Corn_(maize)___Cercospora_leaf_spot Gray_leaf_spot,0,0,0,0,0,0,0,95,1,14,0,0,0,0,0,0,0,0,0,0,0,0,0,0,0,0,0,0,0,0,0,0,0,0,0,0,0,0
resnet18,True_Corn_(maize)___Common_rust_,0,0,0,0,0,0,0,0,234,0,0,0,0,0,0,0,0,0,0,0,0,0,0,0,0,0,0,0,0,0,0,0,0,0,0,0,0,0
resnet18,True_Corn_(maize)___Northern_Leaf_Blight,0,0,0,0,0,0,0,6,1,176,0,0,0,0,0,0,0,0,0,0,0,0,0,0,0,0,0,0,0,0,0,0,0,0,0,0,0,0
resnet18,True_Corn_(maize)___healthy,0,0,0,0,0,0,0,0,0,0,237,0,0,0,0,0,0,0,0,0,0,0,0,0,0,0,0,0,0,0,0,0,0,0,0,0,0,0
resnet18,True_Grape___Black_rot,0,0,1,0,0,0,0,0,0,0,0,240,0,0,0,0,0,0,0,0,0,0,0,0,0,0,0,0,0,0,0,0,0,0,0,0,0,0
resnet18,True_Grape___Esca_(Black_Measles),0,0,0,0,0,0,0,0,0,0,0,1,307,0,0,0,0,0,0,0,0,0,0,0,0,0,0,0,0,0,0,0,0,0,0,0,0,0
resnet18,True_Grape___Leaf_blight_(Isariopsis_Leaf_Spot),0,0,0,0,0,0,0,0,0,0,0,1,0,230,0,0,0,0,0,0,0,0,0,0,0,0,0,0,0,0,0,0,0,0,0,0,0,0
resnet18,True_Grape___healthy,0,0,0,0,0,0,0,0,0,0,0,0,0,0,82,0,0,0,0,0,0,0,0,0,1,0,0,0,0,0,0,0,0,0,0,0,0,0
resnet18,True_Orange___Haunglongbing_(Citrus_greening),0,0,0,0,0,0,0,0,0,0,0,0,0,0,0,1057,0,0,0,0,0,0,0,0,0,0,0,0,0,0,0,0,0,1,0,0,0,0
resnet18,True_Peach___Bacterial_spot,0,0,0,0,0,0,0,0,0,0,0,0,0,0,0,0,423,0,0,0,0,0,0,0,0,0,0,0,0,0,0,0,0,0,0,0,0,0
resnet18,True_Peach___healthy,0,0,0,0,0,0,0,0,0,0,0,0,0,0,0,0,0,72,0,0,0,0,0,0,0,0,0,0,0,0,0,0,0,0,0,0,0,0
resnet18,"True_Pepper,_bell___Bacterial_spot",0,0,0,0,0,0,0,0,0,0,0,0,0,0,0,0,0,0,176,0,0,0,0,0,0,0,0,0,0,0,0,0,0,0,0,0,0,0
resnet18,"True_Pepper,_bell___healthy",0,0,0,0,0,0,0,0,1,0,0,0,0,0,0,0,0,0,0,290,0,0,0,0,1,0,0,0,0,0,0,0,0,0,0,0,0,0
resnet18,True_Potato___Early_blight,0,0,0,0,0,0,0,0,0,0,0,0,0,0,0,0,0,0,0,0,216,0,0,0,0,0,0,0,0,0,0,0,0,0,0,0,0,0
resnet18,True_Potato___Late_blight,0,0,0,0,0,0,0,0,0,0,0,0,0,0,0,0,0,0,0,0,0,211,0,0,0,0,0,0,0,0,2,0,0,0,0,0,0,0
resnet18,True_Potato___healthy,0,0,0,0,0,0,0,0,0,0,0,0,0,0,0,0,0,0,0,0,0,0,31,0,0,0,0,0,0,0,0,0,0,0,0,0,0,0
resnet18,True_Raspberry___healthy,0,0,0,0,0,0,0,0,0,0,0,0,0,0,0,0,0,0,0,1,0,0,0,71,0,0,0,0,0,0,0,0,0,0,0,0,0,0
resnet18,True_Soybean___healthy,0,0,0,0,1,0,0,0,0,0,0,0,0,0,0,0,0,0,0,0,0,0,0,0,1036,0,0,0,0,0,0,0,0,0,0,0,0,0
resnet18,True_Squash___Powdery_mildew,0,0,0,0,0,0,0,0,0,0,0,0,0,0,0,0,0,0,0,0,0,0,0,0,0,380,0,0,0,0,0,0,0,0,0,0,0,0
resnet18,True_Strawberry___Leaf_scorch,0,0,0,0,0,0,0,0,0,0,0,0,0,0,0,0,0,0,0,0,0,0,0,0,0,1,209,0,0,0,0,0,0,0,0,0,0,0
resnet18,True_Strawberry___healthy,0,0,0,0,0,0,0,0,0,0,0,0,0,0,0,0,0,0,0,0,0,0,0,0,0,0,0,99,0,0,0,0,0,0,0,0,0,0
resnet18,True_Tomato___Bacterial_spot,0,0,1,0,0,0,0,0,0,0,0,0,0,0,0,0,0,0,0,0,0,0,0,0,0,0,0,0,426,0,0,0,0,0,0,1,0,0
resnet18,True_Tomato___Early_blight,0,0,0,0,0,0,0,0,0,0,0,0,0,0,0,0,0,0,0,0,0,0,0,0,0,0,0,0,1,178,1,0,0,0,0,1,0,0
resnet18,True_Tomato___Late_blight,0,0,0,0,0,0,0,0,0,0,1,0,0,0,0,0,0,0,0,0,0,1,0,0,0,0,0,0,0,0,400,1,1,0,0,0,0,1
resnet18,True_Tomato___Leaf_Mold,0,0,0,0,0,0,0,0,0,0,0,0,0,0,0,0,0,0,0,0,0,0,0,0,0,0,0,0,0,0,0,180,0,0,0,0,0,0
resnet18,True_Tomato___Septoria_leaf_spot,0,0,0,0,0,0,0,0,0,0,0,0,0,0,0,0,0,0,0,0,0,0,0,0,0,0,1,0,0,0,0,0,364,0,0,0,0,0
resnet18,True_Tomato___Spider_mites Two-spotted_spider_mite,0,0,0,0,0,0,0,0,0,0,0,0,0,0,0,0,0,0,0,0,0,0,0,0,0,0,0,0,0,0,0,0,0,331,4,0,0,0
resnet18,True_Tomato___Target_Spot,0,0,0,0,0,0,0,0,0,0,0,0,0,0,0,0,0,0,0,0,0,0,0,0,0,0,0,0,1,0,0,0,0,1,282,0,0,0
resnet18,True_Tomato___Tomato_Yellow_Leaf_Curl_Virus,0,0,0,0,0,0,0,0,0,0,0,0,0,0,0,0,0,0,0,0,0,0,0,0,0,0,0,0,1,0,0,0,0,0,0,1060,0,0
resnet18,True_Tomato___Tomato_mosaic_virus,0,0,0,0,0,0,0,0,0,0,0,0,0,0,0,0,0,0,0,0,0,0,0,0,0,0,0,0,0,0,0,0,0,0,0,0,70,0
resnet18,True_Tomato___healthy,0,0,0,0,0,0,0,0,0,0,0,0,0,0,0,0,0,0,0,0,0,0,0,0,0,0,0,0,0,0,0,0,0,0,1,0,0,315
resnet34,True_Apple___Apple_scab,128,2,0,2,0,0,0,0,0,0,0,0,0,0,0,0,0,0,0,0,0,0,0,0,0,0,0,0,0,0,0,0,0,0,0,0,0,0
resnet34,True_Apple___Black_rot,0,126,0,0,0,0,1,0,0,0,0,0,0,0,0,0,0,0,0,0,0,0,0,0,0,0,0,0,0,0,0,0,0,0,0,0,0,0
resnet34,True_Apple___Cedar_apple_rust,0,0,47,0,0,0,0,0,0,0,0,0,0,0,0,0,0,0,0,0,0,0,0,0,0,0,0,0,0,0,0,0,0,0,0,0,0,0
resnet34,True_Apple___healthy,0,0,0,327,3,0,1,0,0,0,0,0,0,0,0,0,1,0,0,0,0,0,0,0,2,0,0,0,0,0,0,0,0,0,0,0,0,0
resnet34,True_Blueberry___healthy,0,0,0,0,308,0,0,0,0,0,0,0,0,0,0,0,0,0,0,0,0,0,0,0,0,0,0,0,0,0,0,0,0,0,0,0,0,0
resnet34,True_Cherry_(including_sour)___Powdery_mildew,0,0,0,0,0,206,0,0,0,0,0,0,0,0,0,0,0,0,0,0,0,0,0,0,0,0,0,0,0,0,0,0,0,0,0,0,0,0
resnet34,True_Cherry_(including_sour)___healthy,0,0,0,0,0,0,174,0,0,0,0,0,0,0,0,0,0,0,0,0,0,0,0,1,1,0,0,0,0,0,0,0,0,0,0,0,0,0
resnet34,True_Corn_(maize)___Cercospora_leaf_spot Gray_leaf_spot,0,0,0,0,0,0,0,100,1,9,0,0,0,0,0,0,0,0,0,0,0,0,0,0,0,0,0,0,0,0,0,0,0,0,0,0,0,0
resnet34,True_Corn_(maize)___Common_rust_,0,0,0,0,0,0,0,0,234,0,0,0,0,0,0,0,0,0,0,0,0,0,0,0,0,0,0,0,0,0,0,0,0,0,0,0,0,0
resnet34,True_Corn_(maize)___Northern_Leaf_Blight,0,0,0,0,0,0,0,6,0,177,0,0,0,0,0,0,0,0,0,0,0,0,0,0,0,0,0,0,0,0,0,0,0,0,0,0,0,0
resnet34,True_Corn_(maize)___healthy,0,0,0,0,0,0,0,0,0,0,237,0,0,0,0,0,0,0,0,0,0,0,0,0,0,0,0,0,0,0,0,0,0,0,0,0,0,0
resnet34,True_Grape___Black_rot,0,0,0,0,0,0,0,0,0,0,0,240,0,0,0,0,0,0,0,0,0,0,0,0,0,0,0,0,0,1,0,0,0,0,0,0,0,0
resnet34,True_Grape___Esca_(Black_Measles),0,0,0,0,0,0,0,0,0,0,0,1,307,0,0,0,0,0,0,0,0,0,0,0,0,0,0,0,0,0,0,0,0,0,0,0,0,0
resnet34,True_Grape___Leaf_blight_(Isariopsis_Leaf_Spot),0,0,0,0,0,0,0,0,0,0,0,0,0,231,0,0,0,0,0,0,0,0,0,0,0,0,0,0,0,0,0,0,0,0,0,0,0,0
resnet34,True_Grape___healthy,0,0,0,0,0,0,0,0,0,0,0,0,0,0,83,0,0,0,0,0,0,0,0,0,0,0,0,0,0,0,0,0,0,0,0,0,0,0
resnet34,True_Orange___Haunglongbing_(Citrus_greening),0,0,0,0,0,0,0,0,0,0,0,0,0,0,0,1058,0,0,0,0,0,0,0,0,0,0,0,0,0,0,0,0,0,0,0,0,0,0
resnet34,True_Peach___Bacterial_spot,0,0,0,0,0,0,0,0,0,0,0,0,0,0,0,0,422,0,0,0,0,0,0,0,0,0,0,0,1,0,0,0,0,0,0,0,0,0
resnet34,True_Peach___healthy,0,0,0,0,0,0,0,0,0,0,0,0,0,0,0,0,0,72,0,0,0,0,0,0,0,0,0,0,0,0,0,0,0,0,0,0,0,0
resnet34,"True_Pepper,_bell___Bacterial_spot",0,0,0,0,0,0,0,0,0,0,0,0,0,0,0,0,0,0,176,0,0,0,0,0,0,0,0,0,0,0,0,0,0,0,0,0,0,0
resnet34,"True_Pepper,_bell___healthy",0,0,0,0,0,0,1,0,1,0,0,0,0,0,0,0,0,0,0,290,0,0,0,0,0,0,0,0,0,0,0,0,0,0,0,0,0,0
resnet34,True_Potato___Early_blight,0,0,0,0,0,0,0,0,0,0,0,0,0,0,0,0,0,0,0,0,216,0,0,0,0,0,0,0,0,0,0,0,0,0,0,0,0,0
resnet34,True_Potato___Late_blight,0,0,0,0,0,0,0,0,0,0,0,0,0,0,0,0,0,0,0,0,0,212,0,0,0,0,0,0,0,0,0,0,1,0,0,0,0,0
resnet34,True_Potato___healthy,0,0,0,0,0,0,0,0,0,0,0,0,0,0,0,0,0,0,0,0,0,0,31,0,0,0,0,0,0,0,0,0,0,0,0,0,0,0
resnet34,True_Raspberry___healthy,0,0,0,0,0,0,0,0,0,0,0,0,0,0,0,0,0,0,0,0,0,0,0,72,0,0,0,0,0,0,0,0,0,0,0,0,0,0
resnet34,True_Soybean___healthy,0,0,0,0,1,0,0,0,0,0,0,0,0,0,0,0,0,0,0,0,0,0,0,0,1036,0,0,0,0,0,0,0,0,0,0,0,0,0
resnet34,True_Squash___Powdery_mildew,0,0,0,0,0,0,0,0,0,0,0,0,0,0,0,0,0,0,0,0,0,0,0,0,0,379,0,1,0,0,0,0,0,0,0,0,0,0
resnet34,True_Strawberry___Leaf_scorch,0,0,0,0,0,0,0,0,0,0,0,0,0,0,0,0,0,0,0,0,0,0,0,0,0,0,210,0,0,0,0,0,0,0,0,0,0,0
resnet34,True_Strawberry___healthy,0,0,0,0,0,0,0,0,0,0,0,0,0,0,0,0,0,0,0,0,0,0,0,0,0,0,0,99,0,0,0,0,0,0,0,0,0,0
resnet34,True_Tomato___Bacterial_spot,0,0,0,0,0,0,0,0,0,0,0,0,0,0,0,0,0,0,0,0,0,0,0,0,0,0,0,0,425,1,0,0,0,0,0,2,0,0
resnet34,True_Tomato___Early_blight,0,0,0,0,0,0,0,0,0,0,0,0,0,0,0,0,0,0,0,0,0,1,0,0,0,0,0,0,0,171,5,0,0,0,3,1,0,0
resnet34,True_Tomato___Late_blight,0,0,0,0,0,0,0,0,0,0,0,0,0,0,1,0,0,0,1,0,0,4,0,0,0,0,0,0,2,2,392,0,1,1,0,0,0,1
resnet34,True_Tomato___Leaf_Mold,1,0,0,0,0,0,0,0,0,0,0,0,0,0,0,0,0,0,0,0,0,0,0,0,0,0,0,0,0,0,0,177,1,1,0,0,0,0
resnet34,True_Tomato___Septoria_leaf_spot,0,0,0,0,0,0,0,0,0,0,0,0,0,0,0,0,0,0,0,0,0,0,0,0,0,0,0,0,0,0,0,0,365,0,0,0,0,0
resnet34,True_Tomato___Spider_mites Two-spotted_spider_mite,0,0,0,0,0,0,0,0,0,0,0,0,0,0,0,0,0,0,0,0,0,0,0,0,0,0,0,0,0,0,0,0,0,332,3,0,0,0
resnet34,True_Tomato___Target_Spot,0,0,0,0,0,0,0,0,0,0,0,0,0,0,0,0,0,0,0,0,0,0,0,0,0,0,0,0,1,0,0,0,0,3,280,0,0,0
resnet34,True_Tomato___Tomato_Yellow_Leaf_Curl_Virus,0,0,0,0,0,0,0,0,0,0,0,0,0,0,0,0,0,0,0,0,0,0,0,0,0,0,0,0,1,0,0,0,0,0,0,1060,0,0
resnet34,True_Tomato___Tomato_mosaic_virus,0,0,0,0,0,0,0,0,0,0,0,0,0,0,0,0,0,0,0,0,0,0,0,0,0,0,0,0,0,0,0,0,0,0,0,0,70,0
resnet34,True_Tomato___healthy,0,0,0,0,0,0,0,0,0,0,0,0,0,0,0,0,0,0,0,0,0,0,0,0,0,0,0,0,0,0,0,0,0,0,1,0,0,315
resnet50,True_Apple___Apple_scab,131,0,0,0,0,0,0,0,0,0,0,0,0,0,0,0,0,0,0,0,0,0,0,0,0,0,0,0,0,0,1,0,0,0,0,0,0,0
resnet50,True_Apple___Black_rot,0,127,0,0,0,0,0,0,0,0,0,0,0,0,0,0,0,0,0,0,0,0,0,0,0,0,0,0,0,0,0,0,0,0,0,0,0,0
resnet50,True_Apple___Cedar_apple_rust,1,0,46,0,0,0,0,0,0,0,0,0,0,0,0,0,0,0,0,0,0,0,0,0,0,0,0,0,0,0,0,0,0,0,0,0,0,0
resnet50,True_Apple___healthy,0,0,0,329,2,0,2,0,0,0,0,0,0,0,0,0,0,0,0,0,0,0,0,0,1,0,0,0,0,0,0,0,0,0,0,0,0,0
resnet50,True_Blueberry___healthy,0,0,0,0,308,0,0,0,0,0,0,0,0,0,0,0,0,0,0,0,0,0,0,0,0,0,0,0,0,0,0,0,0,0,0,0,0,0
resnet50,True_Cherry_(including_sour)___Powdery_mildew,0,0,0,0,0,206,0,0,0,0,0,0,0,0,0,0,0,0,0,0,0,0,0,0,0,0,0,0,0,0,0,0,0,0,0,0,0,0
resnet50,True_Cherry_(including_sour)___healthy,0,0,0,0,0,0,173,0,0,0,0,0,0,0,0,0,0,0,0,1,0,0,0,0,1,0,1,0,0,0,0,0,0,0,0,0,0,0
resnet50,True_Corn_(maize)___Cercospora_leaf_spot Gray_leaf_spot,0,0,0,0,0,0,0,103,0,7,0,0,0,0,0,0,0,0,0,0,0,0,0,0,0,0,0,0,0,0,0,0,0,0,0,0,0,0
resnet50,True_Corn_(maize)___Common_rust_,0,0,0,0,0,0,0,0,234,0,0,0,0,0,0,0,0,0,0,0,0,0,0,0,0,0,0,0,0,0,0,0,0,0,0,0,0,0
resnet50,True_Corn_(maize)___Northern_Leaf_Blight,0,0,0,0,0,0,0,8,1,174,0,0,0,0,0,0,0,0,0,0,0,0,0,0,0,0,0,0,0,0,0,0,0,0,0,0,0,0
resnet50,True_Corn_(maize)___healthy,0,0,0,0,0,0,0,0,0,0,237,0,0,0,0,0,0,0,0,0,0,0,0,0,0,0,0,0,0,0,0,0,0,0,0,0,0,0
resnet50,True_Grape___Black_rot,0,0,0,0,0,0,0,0,0,0,0,240,0,1,0,0,0,0,0,0,0,0,0,0,0,0,0,0,0,0,0,0,0,0,0,0,0,0
resnet50,True_Grape___Esca_(Black_Measles),0,0,0,0,0,0,0,0,0,0,0,0,308,0,0,0,0,0,0,0,0,0,0,0,0,0,0,0,0,0,0,0,0,0,0,0,0,0
resnet50,True_Grape___Leaf_blight_(Isariopsis_Leaf_Spot),0,0,0,0,0,0,0,0,0,0,0,0,0,231,0,0,0,0,0,0,0,0,0,0,0,0,0,0,0,0,0,0,0,0,0,0,0,0
resnet50,True_Grape___healthy,0,0,0,0,0,0,0,0,0,0,0,0,0,0,83,0,0,0,0,0,0,0,0,0,0,0,0,0,0,0,0,0,0,0,0,0,0,0
resnet50,True_Orange___Haunglongbing_(Citrus_greening),0,0,0,0,0,0,0,0,0,0,0,0,0,0,0,1058,0,0,0,0,0,0,0,0,0,0,0,0,0,0,0,0,0,0,0,0,0,0
resnet50,True_Peach___Bacterial_spot,0,0,0,0,0,0,0,0,0,0,0,0,0,0,0,0,421,1,0,0,0,0,0,0,0,0,0,0,1,0,0,0,0,0,0,0,0,0
resnet50,True_Peach___healthy,0,0,0,0,0,0,0,0,0,0,0,0,0,0,0,0,0,72,0,0,0,0,0,0,0,0,0,0,0,0,0,0,0,0,0,0,0,0
resnet50,"True_Pepper,_bell___Bacterial_spot",0,0,0,0,0,0,0,0,0,0,0,0,0,0,0,0,0,0,175,0,0,0,0,0,0,0,0,0,0,0,0,0,1,0,0,0,0,0
resnet50,"True_Pepper,_bell___healthy",0,0,0,0,0,0,0,0,0,0,0,0,0,0,0,0,0,0,1,290,0,0,0,0,1,0,0,0,0,0,0,0,0,0,0,0,0,0
resnet50,True_Potato___Early_blight,0,0,0,0,0,0,0,0,0,0,0,0,0,0,0,0,0,0,0,0,216,0,0,0,0,0,0,0,0,0,0,0,0,0,0,0,0,0
resnet50,True_Potato___Late_blight,0,0,0,0,0,0,0,0,0,0,0,0,0,0,0,0,0,0,0,0,0,211,0,0,0,0,0,0,0,0,2,0,0,0,0,0,0,0
resnet50,True_Potato___healthy,0,0,0,0,0,0,0,0,0,0,0,0,0,0,0,0,0,0,0,0,0,0,31,0,0,0,0,0,0,0,0,0,0,0,0,0,0,0
resnet50,True_Raspberry___healthy,0,0,0,0,0,0,0,0,0,0,0,0,0,0,0,0,0,0,0,1,0,0,0,71,0,0,0,0,0,0,0,0,0,0,0,0,0,0
resnet50,True_Soybean___healthy,0,0,0,0,1,0,1,0,0,0,0,0,0,0,0,0,0,0,0,0,0,0,0,0,1035,0,0,0,0,0,0,0,0,0,0,0,0,0
resnet50,True_Squash___Powdery_mildew,0,0,0,0,0,0,0,0,0,0,0,0,0,0,0,0,0,0,0,0,0,0,0,0,0,379,0,0,0,0,1,0,0,0,0,0,0,0
resnet50,True_Strawberry___Leaf_scorch,0,0,0,0,0,0,0,0,0,0,0,0,0,0,0,0,0,0,0,0,0,0,0,0,0,1,209,0,0,0,0,0,0,0,0,0,0,0
resnet50,True_Strawberry___healthy,0,0,0,0,0,0,0,0,0,0,0,0,0,0,0,0,0,0,0,0,0,0,0,0,0,0,0,99,0,0,0,0,0,0,0,0,0,0
resnet50,True_Tomato___Bacterial_spot,0,0,0,0,0,1,0,0,0,0,0,0,0,0,0,0,0,0,0,0,0,0,0,0,1,0,0,0,425,0,0,0,0,0,0,1,0,0
resnet50,True_Tomato___Early_blight,0,0,0,0,0,0,0,0,0,0,0,0,0,0,0,0,0,0,0,0,0,0,0,0,0,0,0,0,0,179,2,0,0,0,0,0,0,0
resnet50,True_Tomato___Late_blight,0,0,0,0,0,0,0,0,0,0,0,0,0,0,0,0,0,0,0,1,0,1,0,0,0,0,0,0,1,2,398,0,1,0,0,0,0,1
resnet50,True_Tomato___Leaf_Mold,0,0,0,0,0,0,0,0,0,0,0,0,0,0,0,0,0,0,0,0,0,0,0,0,0,0,0,0,0,0,0,180,0,0,0,0,0,0
resnet50,True_Tomato___Septoria_leaf_spot,0,0,0,0,0,0,0,0,0,0,0,0,0,0,0,0,0,0,0,0,0,0,0,0,0,0,0,0,0,1,0,1,363,0,0,0,0,0
resnet50,True_Tomato___Spider_mites Two-spotted_spider_mite,0,0,0,0,0,0,0,0,0,0,0,0,0,0,0,0,0,0,0,0,0,0,0,0,0,0,0,0,0,0,0,0,0,333,2,0,0,0
resnet50,True_Tomato___Target_Spot,0,0,0,0,0,0,0,0,0,0,0,0,0,0,0,0,0,0,0,0,0,0,0,0,0,0,0,0,0,0,0,0,0,2,282,0,0,0
resnet50,True_Tomato___Tomato_Yellow_Leaf_Curl_Virus,0,0,0,0,0,0,0,0,0,0,0,0,0,0,0,0,0,0,0,0,0,0,0,0,0,0,0,0,3,0,0,0,0,0,0,1058,0,0
resnet50,True_Tomato___Tomato_mosaic_virus,0,0,0,0,0,0,0,0,0,0,0,0,0,0,0,0,0,0,0,0,0,0,0,0,0,0,0,0,0,0,0,0,0,0,0,0,70,0
resnet50,True_Tomato___healthy,0,0,0,0,0,0,0,0,0,0,0,0,0,0,0,0,0,0,0,0,0,0,0,0,0,0,0,0,0,0,0,0,0,0,0,0,0,316
shufflenetv2,True_Apple___Apple_scab,132,0,0,0,0,0,0,0,0,0,0,0,0,0,0,0,0,0,0,0,0,0,0,0,0,0,0,0,0,0,0,0,0,0,0,0,0,0
shufflenetv2,True_Apple___Black_rot,0,127,0,0,0,0,0,0,0,0,0,0,0,0,0,0,0,0,0,0,0,0,0,0,0,0,0,0,0,0,0,0,0,0,0,0,0,0
shufflenetv2,True_Apple___Cedar_apple_rust,0,0,47,0,0,0,0,0,0,0,0,0,0,0,0,0,0,0,0,0,0,0,0,0,0,0,0,0,0,0,0,0,0,0,0,0,0,0
shufflenetv2,True_Apple___healthy,0,0,0,332,0,0,0,0,0,0,0,0,0,0,1,0,1,0,0,0,0,0,0,0,0,0,0,0,0,0,0,0,0,0,0,0,0,0
shufflenetv2,True_Blueberry___healthy,0,0,0,0,308,0,0,0,0,0,0,0,0,0,0,0,0,0,0,0,0,0,0,0,0,0,0,0,0,0,0,0,0,0,0,0,0,0
shufflenetv2,True_Cherry_(including_sour)___Powdery_mildew,0,0,0,0,0,205,0,0,0,0,1,0,0,0,0,0,0,0,0,0,0,0,0,0,0,0,0,0,0,0,0,0,0,0,0,0,0,0
shufflenetv2,True_Cherry_(including_sour)___healthy,0,0,0,0,0,0,174,0,0,0,0,0,0,0,0,0,0,0,0,1,0,0,0,0,1,0,0,0,0,0,0,0,0,0,0,0,0,0
shufflenetv2,True_Corn_(maize)___Cercospora_leaf_spot Gray_leaf_spot,0,0,0,0,0,0,0,101,1,8,0,0,0,0,0,0,0,0,0,0,0,0,0,0,0,0,0,0,0,0,0,0,0,0,0,0,0,0
shufflenetv2,True_Corn_(maize)___Common_rust_,0,0,0,0,0,0,0,0,234,0,0,0,0,0,0,0,0,0,0,0,0,0,0,0,0,0,0,0,0,0,0,0,0,0,0,0,0,0
shufflenetv2,True_Corn_(maize)___Northern_Leaf_Blight,0,0,0,0,0,0,0,5,1,175,0,0,0,0,0,0,0,0,0,0,0,0,0,0,0,0,0,0,0,0,2,0,0,0,0,0,0,0
shufflenetv2,True_Corn_(maize)___healthy,0,0,0,0,0,0,0,0,0,0,237,0,0,0,0,0,0,0,0,0,0,0,0,0,0,0,0,0,0,0,0,0,0,0,0,0,0,0
shufflenetv2,True_Grape___Black_rot,0,0,0,0,0,0,0,0,0,0,0,241,0,0,0,0,0,0,0,0,0,0,0,0,0,0,0,0,0,0,0,0,0,0,0,0,0,0
shufflenetv2,True_Grape___Esca_(Black_Measles),0,0,0,0,0,0,0,0,0,0,0,0,308,0,0,0,0,0,0,0,0,0,0,0,0,0,0,0,0,0,0,0,0,0,0,0,0,0
shufflenetv2,True_Grape___Leaf_blight_(Isariopsis_Leaf_Spot),0,0,0,0,0,0,0,0,0,0,0,0,0,230,0,0,0,0,0,0,0,0,0,0,0,0,0,0,1,0,0,0,0,0,0,0,0,0
shufflenetv2,True_Grape___healthy,0,0,0,0,0,0,0,0,0,0,0,0,0,0,83,0,0,0,0,0,0,0,0,0,0,0,0,0,0,0,0,0,0,0,0,0,0,0
shufflenetv2,True_Orange___Haunglongbing_(Citrus_greening),0,0,0,0,0,0,0,0,0,0,0,0,0,0,0,1058,0,0,0,0,0,0,0,0,0,0,0,0,0,0,0,0,0,0,0,0,0,0
shufflenetv2,True_Peach___Bacterial_spot,0,0,0,0,0,0,0,0,0,0,0,0,0,0,0,0,421,0,0,0,0,0,0,0,0,0,0,0,2,0,0,0,0,0,0,0,0,0
shufflenetv2,True_Peach___healthy,0,0,0,0,0,0,0,0,0,0,0,0,0,0,0,0,0,72,0,0,0,0,0,0,0,0,0,0,0,0,0,0,0,0,0,0,0,0
shufflenetv2,"True_Pepper,_bell___Bacterial_spot",0,0,0,0,0,0,0,0,0,0,0,0,0,0,0,0,0,0,176,0,0,0,0,0,0,0,0,0,0,0,0,0,0,0,0,0,0,0
shufflenetv2,"True_Pepper,_bell___healthy",0,0,0,0,0,0,0,0,1,0,0,0,0,0,0,0,0,0,0,291,0,0,0,0,0,0,0,0,0,0,0,0,0,0,0,0,0,0
shufflenetv2,True_Potato___Early_blight,0,0,0,0,0,0,0,0,0,0,0,0,0,0,0,0,0,0,0,0,216,0,0,0,0,0,0,0,0,0,0,0,0,0,0,0,0,0
shufflenetv2,True_Potato___Late_blight,0,0,0,0,0,0,0,0,0,0,0,0,0,0,0,0,0,0,0,0,0,213,0,0,0,0,0,0,0,0,0,0,0,0,0,0,0,0
shufflenetv2,True_Potato___healthy,0,0,0,0,0,0,0,0,0,0,0,0,0,0,0,0,0,0,0,0,0,1,30,0,0,0,0,0,0,0,0,0,0,0,0,0,0,0
shufflenetv2,True_Raspberry___healthy,0,0,0,0,0,0,0,0,0,0,0,0,0,0,0,0,0,0,0,0,0,0,0,72,0,0,0,0,0,0,0,0,0,0,0,0,0,0
shufflenetv2,True_Soybean___healthy,0,0,0,1,0,0,0,0,0,0,0,0,0,0,0,0,0,1,0,0,0,0,0,0,1035,0,0,0,0,0,0,0,0,0,0,0,0,0
shufflenetv2,True_Squash___Powdery_mildew,0,0,0,0,0,0,0,0,0,0,0,0,0,0,0,0,0,0,0,0,0,0,0,0,0,380,0,0,0,0,0,0,0,0,0,0,0,0
shufflenetv2,True_Strawberry___Leaf_scorch,0,0,0,0,0,0,0,0,0,0,0,0,0,0,0,0,0,0,0,0,0,0,0,0,0,0,210,0,0,0,0,0,0,0,0,0,0,0
shufflenetv2,True_Strawberry___healthy,0,0,0,0,0,0,0,0,0,0,0,0,0,0,0,0,0,0,0,0,0,0,0,0,0,1,0,98,0,0,0,0,0,0,0,0,0,0
shufflenetv2,True_Tomato___Bacterial_spot,0,0,0,0,0,0,0,0,0,0,0,0,0,0,0,0,0,0,0,0,0,0,0,0,0,0,0,0,425,2,0,0,0,0,0,1,0,0
shufflenetv2,True_Tomato___Early_blight,0,0,0,0,0,0,0,0,0,0,0,0,0,0,0,0,0,0,0,0,1,0,0,0,0,0,0,0,0,174,4,0,0,0,2,0,0,0
shufflenetv2,True_Tomato___Late_blight,0,0,0,0,0,0,0,0,0,0,0,0,0,0,1,0,0,0,0,0,0,1,0,0,0,0,0,1,0,0,401,0,0,0,0,0,0,1
shufflenetv2,True_Tomato___Leaf_Mold,0,0,0,0,0,0,0,0,0,0,0,0,0,0,0,0,0,0,0,0,0,0,0,0,0,0,0,0,0,0,0,180,0,0,0,0,0,0
shufflenetv2,True_Tomato___Septoria_leaf_spot,0,0,0,0,0,0,0,0,0,0,0,0,0,0,0,0,0,0,1,0,0,0,0,0,0,0,0,0,0,2,0,1,361,0,0,0,0,0
shufflenetv2,True_Tomato___Spider_mites Two-spotted_spider_mite,0,0,0,0,0,0,0,0,0,0,0,0,0,0,0,0,0,0,0,0,0,0,0,0,0,0,0,0,0,0,0,0,0,334,1,0,0,0
shufflenetv2,True_Tomato___Target_Spot,0,0,0,0,0,0,0,0,0,0,0,0,0,0,0,0,0,0,0,0,0,0,0,0,0,0,0,0,0,0,0,0,0,0,284,0,0,0
shufflenetv2,True_Tomato___Tomato_Yellow_Leaf_Curl_Virus,0,0,0,0,0,0,0,0,0,0,0,0,0,0,0,0,0,0,0,0,0,0,0,0,0,0,0,0,1,0,0,0,0,0,0,1060,0,0
shufflenetv2,True_Tomato___Tomato_mosaic_virus,0,0,0,0,0,0,0,0,0,0,0,0,0,0,0,0,0,0,0,0,0,0,0,0,0,0,0,0,0,0,0,0,0,0,0,0,70,0
shufflenetv2,True_Tomato___healthy,0,0,0,0,0,0,0,0,0,0,0,0,0,0,0,0,0,0,0,0,0,0,0,0,0,0,0,0,0,0,0,0,0,0,0,0,0,316
simplecnn,True_Apple___Apple_scab,129,2,0,1,0,0,0,0,0,0,0,0,0,0,0,0,0,0,0,0,0,0,0,0,0,0,0,0,0,0,0,0,0,0,0,0,0,0
simplecnn,True_Apple___Black_rot,0,127,0,0,0,0,0,0,0,0,0,0,0,0,0,0,0,0,0,0,0,0,0,0,0,0,0,0,0,0,0,0,0,0,0,0,0,0
simplecnn,True_Apple___Cedar_apple_rust,0,0,47,0,0,0,0,0,0,0,0,0,0,0,0,0,0,0,0,0,0,0,0,0,0,0,0,0,0,0,0,0,0,0,0,0,0,0
simplecnn,True_Apple___healthy,0,0,0,328,3,0,0,0,0,0,0,0,0,0,1,0,0,0,0,0,0,0,0,0,2,0,0,0,0,0,0,0,0,0,0,0,0,0
simplecnn,True_Blueberry___healthy,0,0,0,0,308,0,0,0,0,0,0,0,0,0,0,0,0,0,0,0,0,0,0,0,0,0,0,0,0,0,0,0,0,0,0,0,0,0
simplecnn,True_Cherry_(including_sour)___Powdery_mildew,0,0,0,0,0,205,0,0,0,0,0,0,0,0,0,0,0,0,0,0,0,0,0,0,0,1,0,0,0,0,0,0,0,0,0,0,0,0
simplecnn,True_Cherry_(including_sour)___healthy,0,0,0,0,0,0,175,0,0,0,0,0,0,1,0,0,0,0,0,0,0,0,0,0,0,0,0,0,0,0,0,0,0,0,0,0,0,0
simplecnn,True_Corn_(maize)___Cercospora_leaf_spot Gray_leaf_spot,0,0,0,0,0,0,0,101,0,9,0,0,0,0,0,0,0,0,0,0,0,0,0,0,0,0,0,0,0,0,0,0,0,0,0,0,0,0
simplecnn,True_Corn_(maize)___Common_rust_,0,0,0,0,0,0,0,0,233,1,0,0,0,0,0,0,0,0,0,0,0,0,0,0,0,0,0,0,0,0,0,0,0,0,0,0,0,0
simplecnn,True_Corn_(maize)___Northern_Leaf_Blight,0,0,0,0,0,0,0,5,1,177,0,0,0,0,0,0,0,0,0,0,0,0,0,0,0,0,0,0,0,0,0,0,0,0,0,0,0,0
simplecnn,True_Corn_(maize)___healthy,0,0,0,0,0,0,0,0,0,0,237,0,0,0,0,0,0,0,0,0,0,0,0,0,0,0,0,0,0,0,0,0,0,0,0,0,0,0
simplecnn,True_Grape___Black_rot,0,0,0,0,0,0,0,0,0,0,0,241,0,0,0,0,0,0,0,0,0,0,0,0,0,0,0,0,0,0,0,0,0,0,0,0,0,0
simplecnn,True_Grape___Esca_(Black_Measles),0,0,0,0,0,0,0,0,0,0,0,1,307,0,0,0,0,0,0,0,0,0,0,0,0,0,0,0,0,0,0,0,0,0,0,0,0,0
simplecnn,True_Grape___Leaf_blight_(Isariopsis_Leaf_Spot),0,0,0,0,0,0,0,0,0,0,0,0,0,231,0,0,0,0,0,0,0,0,0,0,0,0,0,0,0,0,0,0,0,0,0,0,0,0
simplecnn,True_Grape___healthy,0,0,0,0,0,0,0,0,0,0,0,0,0,0,82,0,0,0,0,0,0,0,0,1,0,0,0,0,0,0,0,0,0,0,0,0,0,0
simplecnn,True_Orange___Haunglongbing_(Citrus_greening),0,0,0,0,0,0,0,0,0,0,0,0,0,0,0,1057,0,0,0,0,0,0,0,0,0,0,0,0,0,0,0,0,0,1,0,0,0,0
simplecnn,True_Peach___Bacterial_spot,0,0,0,0,0,0,0,0,0,0,0,0,0,0,0,0,423,0,0,0,0,0,0,0,0,0,0,0,0,0,0,0,0,0,0,0,0,0
simplecnn,True_Peach___healthy,0,0,0,0,0,0,0,0,0,0,0,0,0,0,0,0,0,72,0,0,0,0,0,0,0,0,0,0,0,0,0,0,0,0,0,0,0,0
simplecnn,"True_Pepper,_bell___Bacterial_spot",0,0,0,0,0,0,0,0,0,0,0,0,0,0,0,0,0,0,175,0,0,0,0,0,0,0,0,0,0,0,0,0,0,1,0,0,0,0
simplecnn,"True_Pepper,_bell___healthy",0,0,0,0,0,0,0,0,0,0,0,0,0,0,0,0,0,0,1,291,0,0,0,0,0,0,0,0,0,0,0,0,0,0,0,0,0,0
simplecnn,True_Potato___Early_blight,0,0,0,0,0,0,0,0,0,0,0,0,0,0,0,0,0,0,0,0,216,0,0,0,0,0,0,0,0,0,0,0,0,0,0,0,0,0
simplecnn,True_Potato___Late_blight,0,0,0,0,0,0,0,0,0,0,0,0,0,0,0,0,0,0,0,0,0,209,0,0,0,0,0,0,0,0,3,0,1,0,0,0,0,0
simplecnn,True_Potato___healthy,0,0,0,0,0,0,0,0,0,0,0,0,0,0,0,0,0,0,0,0,0,0,31,0,0,0,0,0,0,0,0,0,0,0,0,0,0,0
simplecnn,True_Raspberry___healthy,0,0,0,0,0,0,0,0,0,0,0,0,0,0,0,0,0,0,0,0,0,0,0,72,0,0,0,0,0,0,0,0,0,0,0,0,0,0
simplecnn,True_Soybean___healthy,0,0,0,0,1,0,0,0,0,0,0,0,0,0,0,0,0,0,0,0,0,0,1,0,1035,0,0,0,0,0,0,0,0,0,0,0,0,0
simplecnn,True_Squash___Powdery_mildew,0,0,0,0,0,0,0,0,0,0,0,0,0,0,0,0,0,0,0,0,0,0,0,0,0,380,0,0,0,0,0,0,0,0,0,0,0,0
simplecnn,True_Strawberry___Leaf_scorch,0,0,0,0,0,0,0,0,0,0,0,0,0,0,0,0,0,0,0,0,0,0,0,0,0,0,210,0,0,0,0,0,0,0,0,0,0,0
simplecnn,True_Strawberry___healthy,0,0,0,0,0,0,0,0,0,0,0,0,0,0,0,0,0,0,0,0,0,0,0,0,0,0,0,99,0,0,0,0,0,0,0,0,0,0
simplecnn,True_Tomato___Bacterial_spot,0,0,0,0,0,0,0,0,0,0,0,1,0,0,0,0,0,0,0,0,0,0,0,0,0,0,0,0,426,0,0,0,0,0,0,1,0,0
simplecnn,True_Tomato___Early_blight,0,0,0,0,0,0,0,0,0,0,0,0,0,0,0,0,0,0,0,0,1,1,0,0,0,0,0,0,0,176,1,0,0,0,1,1,0,0
simplecnn,True_Tomato___Late_blight,0,0,0,0,0,0,0,0,0,0,0,0,0,0,0,0,0,0,0,0,0,1,0,0,0,0,0,0,0,0,403,0,0,0,0,0,0,1
simplecnn,True_Tomato___Leaf_Mold,0,0,0,0,0,1,0,0,0,0,0,0,0,0,0,0,0,0,0,0,0,0,0,0,0,0,0,0,0,0,0,179,0,0,0,0,0,0
simplecnn,True_Tomato___Septoria_leaf_spot,0,0,0,0,0,0,0,0,0,0,0,0,0,0,0,0,0,0,0,0,0,0,0,0,0,0,0,0,0,2,0,0,363,0,0,0,0,0
simplecnn,True_Tomato___Spider_mites Two-spotted_spider_mite,0,0,0,1,0,0,0,0,0,0,0,0,0,0,0,0,0,0,0,0,0,0,0,0,0,0,0,0,0,0,0,0,0,332,0,2,0,0
simplecnn,True_Tomato___Target_Spot,0,0,0,0,0,0,0,0,0,0,0,0,0,0,0,0,0,0,0,0,0,0,0,0,0,0,0,0,1,0,0,0,0,1,282,0,0,0
simplecnn,True_Tomato___Tomato_Yellow_Leaf_Curl_Virus,0,0,0,0,0,0,0,0,0,0,0,0,0,0,0,0,0,0,0,0,0,0,0,0,0,0,0,0,1,0,0,0,0,0,0,1060,0,0
simplecnn,True_Tomato___Tomato_mosaic_virus,0,0,0,0,0,0,0,0,0,0,0,0,0,0,0,0,0,0,0,0,0,0,0,0,0,0,0,0,0,0,0,0,0,0,0,0,70,0
simplecnn,True_Tomato___healthy,0,0,0,0,0,0,0,0,0,0,0,0,0,0,0,0,0,0,0,0,0,0,0,0,0,0,0,0,0,0,0,0,0,0,0,0,0,316
